unit,s_adj,nace_r2,na_item,geo,time,values
CLV05_MEUR,SCA,TOTAL,GValueAdd,NL,2023-04-01,163363
CLV05_MEUR,SCA,TOTAL,GValueAdd,NL,2023-01-01,163913
CLV05_MEUR,SCA,TOTAL,GValueAdd,NL,2022-10-01,164644.6
CLV05_MEUR,SCA,TOTAL,GValueAdd,NL,2022-07-01,163343.7
CLV05_MEUR,SCA,TOTAL,GValueAdd,NL,2022-04-01,163558.6
CLV05_MEUR,SCA,TOTAL,GValueAdd,NL,2022-01-01,160327.4
CLV05_MEUR,SCA,TOTAL,GValueAdd,NL,2021-10-01,159233.2
CLV05_MEUR,SCA,TOTAL,GValueAdd,NL,2021-07-01,157959.2
CLV05_MEUR,SCA,TOTAL,GValueAdd,NL,2021-04-01,154750.4
CLV05_MEUR,SCA,TOTAL,GValueAdd,NL,2021-01-01,149817.7
CLV05_MEUR,SCA,TOTAL,GValueAdd,NL,2020-10-01,147953.8
CLV05_MEUR,SCA,TOTAL,GValueAdd,NL,2020-07-01,146509.4
CLV05_MEUR,SCA,TOTAL,GValueAdd,NL,2020-04-01,138228.7
CLV05_MEUR,SCA,TOTAL,GValueAdd,NL,2020-01-01,150717.6
CLV05_MEUR,SCA,TOTAL,GValueAdd,NL,2019-10-01,152897.7
CLV05_MEUR,SCA,TOTAL,GValueAdd,NL,2019-07-01,152137.5
CLV05_MEUR,SCA,TOTAL,GValueAdd,NL,2019-04-01,151702.2
CLV05_MEUR,SCA,TOTAL,GValueAdd,NL,2019-01-01,151319.3
CLV05_MEUR,SCA,TOTAL,GValueAdd,NL,2018-10-01,150012.2
CLV05_MEUR,SCA,TOTAL,GValueAdd,NL,2018-07-01,149268.4
CLV05_MEUR,SCA,TOTAL,GValueAdd,NL,2018-04-01,149151.1
CLV05_MEUR,SCA,TOTAL,GValueAdd,NL,2018-01-01,147964
CLV05_MEUR,SCA,TOTAL,GValueAdd,NL,2017-10-01,147319.7
CLV05_MEUR,SCA,TOTAL,GValueAdd,NL,2017-07-01,146379.3
CLV05_MEUR,SCA,TOTAL,GValueAdd,NL,2017-04-01,145403.1
CLV05_MEUR,SCA,TOTAL,GValueAdd,NL,2017-01-01,144086.7
CLV05_MEUR,SCA,TOTAL,GValueAdd,NL,2016-10-01,142965.5
CLV05_MEUR,SCA,TOTAL,GValueAdd,NL,2016-07-01,141908.3
CLV05_MEUR,SCA,TOTAL,GValueAdd,NL,2016-04-01,140646.2
CLV05_MEUR,SCA,TOTAL,GValueAdd,NL,2016-01-01,140554.2
CLV05_MEUR,SCA,TOTAL,GValueAdd,NL,2015-10-01,139424.8
CLV05_MEUR,SCA,TOTAL,GValueAdd,NL,2015-07-01,139199.3
CLV05_MEUR,SCA,TOTAL,GValueAdd,NL,2015-04-01,138508.7
CLV05_MEUR,SCA,TOTAL,GValueAdd,NL,2015-01-01,138235.8
CLV05_MEUR,SCA,TOTAL,GValueAdd,NL,2014-10-01,138197.2
CLV05_MEUR,SCA,TOTAL,GValueAdd,NL,2014-07-01,136638.3
CLV05_MEUR,SCA,TOTAL,GValueAdd,NL,2014-04-01,136103.1
CLV05_MEUR,SCA,TOTAL,GValueAdd,NL,2014-01-01,134991.5
CLV05_MEUR,SCA,TOTAL,GValueAdd,NL,2013-10-01,135261.5
CLV05_MEUR,SCA,TOTAL,GValueAdd,NL,2013-07-01,134552.2
CLV05_MEUR,SCA,TOTAL,GValueAdd,NL,2013-04-01,133956.6
CLV05_MEUR,SCA,TOTAL,GValueAdd,NL,2013-01-01,134298.4
CLV05_MEUR,SCA,TOTAL,GValueAdd,NL,2012-10-01,133277.5
CLV05_MEUR,SCA,TOTAL,GValueAdd,NL,2012-07-01,134129
CLV05_MEUR,SCA,TOTAL,GValueAdd,NL,2012-04-01,134578.7
CLV05_MEUR,SCA,TOTAL,GValueAdd,NL,2012-01-01,134449.3
CLV05_MEUR,SCA,TOTAL,GValueAdd,NL,2011-10-01,134560.3
CLV05_MEUR,SCA,TOTAL,GValueAdd,NL,2011-07-01,135589.3
CLV05_MEUR,SCA,TOTAL,GValueAdd,NL,2011-04-01,135299.7
CLV05_MEUR,SCA,TOTAL,GValueAdd,NL,2011-01-01,135373.3
CLV05_MEUR,SCA,TOTAL,GValueAdd,NL,2010-10-01,134426.5
CLV05_MEUR,SCA,TOTAL,GValueAdd,NL,2010-07-01,132807.9
CLV05_MEUR,SCA,TOTAL,GValueAdd,NL,2010-04-01,132236.6
CLV05_MEUR,SCA,TOTAL,GValueAdd,NL,2010-01-01,131534.5
CLV05_MEUR,SCA,TOTAL,GValueAdd,NL,2009-10-01,131748.5
CLV05_MEUR,SCA,TOTAL,GValueAdd,NL,2009-07-01,130872.7
CLV05_MEUR,SCA,TOTAL,GValueAdd,NL,2009-04-01,130492.8
CLV05_MEUR,SCA,TOTAL,GValueAdd,NL,2009-01-01,130232.4
CLV05_MEUR,SCA,TOTAL,GValueAdd,NL,2008-10-01,134770
CLV05_MEUR,SCA,TOTAL,GValueAdd,NL,2008-07-01,135680.9
CLV05_MEUR,SCA,TOTAL,GValueAdd,NL,2008-04-01,135635.1
CLV05_MEUR,SCA,TOTAL,GValueAdd,NL,2008-01-01,135129.5
CLV05_MEUR,SCA,TOTAL,GValueAdd,NL,2007-10-01,134536.7
CLV05_MEUR,SCA,TOTAL,GValueAdd,NL,2007-07-01,132583.6
CLV05_MEUR,SCA,TOTAL,GValueAdd,NL,2007-04-01,130941.2
CLV05_MEUR,SCA,TOTAL,GValueAdd,NL,2007-01-01,129949.9
CLV05_MEUR,SCA,TOTAL,GValueAdd,NL,2006-10-01,128709.9
CLV05_MEUR,SCA,TOTAL,GValueAdd,NL,2006-07-01,127458
CLV05_MEUR,SCA,TOTAL,GValueAdd,NL,2006-04-01,127011.2
CLV05_MEUR,SCA,TOTAL,GValueAdd,NL,2006-01-01,125263
CLV05_MEUR,SCA,TOTAL,GValueAdd,NL,2005-10-01,124238.1
CLV05_MEUR,SCA,TOTAL,GValueAdd,NL,2005-07-01,123399.6
CLV05_MEUR,SCA,TOTAL,GValueAdd,NL,2005-04-01,122157
CLV05_MEUR,SCA,TOTAL,GValueAdd,NL,2005-01-01,121429.4
CLV05_MEUR,SCA,TOTAL,GValueAdd,NL,2004-10-01,120794.8
CLV05_MEUR,SCA,TOTAL,GValueAdd,NL,2004-07-01,120716.5
CLV05_MEUR,SCA,TOTAL,GValueAdd,NL,2004-04-01,120102.3
CLV05_MEUR,SCA,TOTAL,GValueAdd,NL,2004-01-01,119686.8
CLV05_MEUR,SCA,TOTAL,GValueAdd,NL,2003-10-01,118705.9
CLV05_MEUR,SCA,TOTAL,GValueAdd,NL,2003-07-01,117722.9
CLV05_MEUR,SCA,TOTAL,GValueAdd,NL,2003-04-01,117971.8
CLV05_MEUR,SCA,TOTAL,GValueAdd,NL,2003-01-01,118326
CLV05_MEUR,SCA,TOTAL,GValueAdd,NL,2002-10-01,118308.6
CLV05_MEUR,SCA,TOTAL,GValueAdd,NL,2002-07-01,118528.1
CLV05_MEUR,SCA,TOTAL,GValueAdd,NL,2002-04-01,117771.7
CLV05_MEUR,SCA,TOTAL,GValueAdd,NL,2002-01-01,117216.1
CLV05_MEUR,SCA,TOTAL,GValueAdd,NL,2001-10-01,118174.7
CLV05_MEUR,SCA,TOTAL,GValueAdd,NL,2001-07-01,117879.7
CLV05_MEUR,SCA,TOTAL,GValueAdd,NL,2001-04-01,117544.5
CLV05_MEUR,SCA,TOTAL,GValueAdd,NL,2001-01-01,117207.5
CLV05_MEUR,SCA,TOTAL,GValueAdd,NL,2000-10-01,116941.5
CLV05_MEUR,SCA,TOTAL,GValueAdd,NL,2000-07-01,115767.6
CLV05_MEUR,SCA,TOTAL,GValueAdd,NL,2000-04-01,114278.2
CLV05_MEUR,SCA,TOTAL,GValueAdd,NL,2000-01-01,112960.3
CLV05_MEUR,SCA,TOTAL,GValueAdd,NL,1999-10-01,112286.1
CLV05_MEUR,SCA,TOTAL,GValueAdd,NL,1999-07-01,110400.2
CLV05_MEUR,SCA,TOTAL,GValueAdd,NL,1999-04-01,109319.9
CLV05_MEUR,SCA,TOTAL,GValueAdd,NL,1999-01-01,108092.4
CLV05_MEUR,SCA,TOTAL,GValueAdd,NL,1998-10-01,106379.7
CLV05_MEUR,SCA,TOTAL,GValueAdd,NL,1998-07-01,105356.7
CLV05_MEUR,SCA,TOTAL,GValueAdd,NL,1998-04-01,104845.5
CLV05_MEUR,SCA,TOTAL,GValueAdd,NL,1998-01-01,104019.6
CLV05_MEUR,SCA,TOTAL,GValueAdd,NL,1997-10-01,102641.5
CLV05_MEUR,SCA,TOTAL,GValueAdd,NL,1997-07-01,101291.9
CLV05_MEUR,SCA,TOTAL,GValueAdd,NL,1997-04-01,99771.4
CLV05_MEUR,SCA,TOTAL,GValueAdd,NL,1997-01-01,98747.2
CLV05_MEUR,SCA,TOTAL,GValueAdd,NL,1996-10-01,97770.7
CLV05_MEUR,SCA,TOTAL,GValueAdd,NL,1996-07-01,96841
CLV05_MEUR,SCA,TOTAL,GValueAdd,NL,1996-04-01,95515.8
CLV05_MEUR,SCA,TOTAL,GValueAdd,NL,1996-01-01,94435.8
CLV05_MEUR,SCA,B-E,GValueAddIndus,NL,2023-04-01,26058.6
CLV05_MEUR,SCA,B-E,GValueAddIndus,NL,2023-01-01,26264.3
CLV05_MEUR,SCA,B-E,GValueAddIndus,NL,2022-10-01,26544.4
CLV05_MEUR,SCA,B-E,GValueAddIndus,NL,2022-07-01,26513
CLV05_MEUR,SCA,B-E,GValueAddIndus,NL,2022-04-01,26855
CLV05_MEUR,SCA,B-E,GValueAddIndus,NL,2022-01-01,26599.2
CLV05_MEUR,SCA,B-E,GValueAddIndus,NL,2021-10-01,26222.3
CLV05_MEUR,SCA,B-E,GValueAddIndus,NL,2021-07-01,25875.9
CLV05_MEUR,SCA,B-E,GValueAddIndus,NL,2021-04-01,25919.2
CLV05_MEUR,SCA,B-E,GValueAddIndus,NL,2021-01-01,25387
CLV05_MEUR,SCA,B-E,GValueAddIndus,NL,2020-10-01,24598.5
CLV05_MEUR,SCA,B-E,GValueAddIndus,NL,2020-07-01,23827
CLV05_MEUR,SCA,B-E,GValueAddIndus,NL,2020-04-01,22569.3
CLV05_MEUR,SCA,B-E,GValueAddIndus,NL,2020-01-01,24425.9
CLV05_MEUR,SCA,B-E,GValueAddIndus,NL,2019-10-01,24448.7
CLV05_MEUR,SCA,B-E,GValueAddIndus,NL,2019-07-01,24390
CLV05_MEUR,SCA,B-E,GValueAddIndus,NL,2019-04-01,24171.9
CLV05_MEUR,SCA,B-E,GValueAddIndus,NL,2019-01-01,24724.5
CLV05_MEUR,SCA,B-E,GValueAddIndus,NL,2018-10-01,24493.7
CLV05_MEUR,SCA,B-E,GValueAddIndus,NL,2018-07-01,24763.8
CLV05_MEUR,SCA,B-E,GValueAddIndus,NL,2018-04-01,24570.9
CLV05_MEUR,SCA,B-E,GValueAddIndus,NL,2018-01-01,24452.9
CLV05_MEUR,SCA,B-E,GValueAddIndus,NL,2017-10-01,24536.2
CLV05_MEUR,SCA,B-E,GValueAddIndus,NL,2017-07-01,24099
CLV05_MEUR,SCA,B-E,GValueAddIndus,NL,2017-04-01,24050.4
CLV05_MEUR,SCA,B-E,GValueAddIndus,NL,2017-01-01,23577.2
CLV05_MEUR,SCA,B-E,GValueAddIndus,NL,2016-10-01,23395.9
CLV05_MEUR,SCA,B-E,GValueAddIndus,NL,2016-07-01,23002
CLV05_MEUR,SCA,B-E,GValueAddIndus,NL,2016-04-01,22803.9
CLV05_MEUR,SCA,B-E,GValueAddIndus,NL,2016-01-01,23225.5
CLV05_MEUR,SCA,B-E,GValueAddIndus,NL,2015-10-01,22536.1
CLV05_MEUR,SCA,B-E,GValueAddIndus,NL,2015-07-01,22999.3
CLV05_MEUR,SCA,B-E,GValueAddIndus,NL,2015-04-01,23084.9
CLV05_MEUR,SCA,B-E,GValueAddIndus,NL,2015-01-01,23416.5
CLV05_MEUR,SCA,B-E,GValueAddIndus,NL,2014-10-01,23708.1
CLV05_MEUR,SCA,B-E,GValueAddIndus,NL,2014-07-01,23571.2
CLV05_MEUR,SCA,B-E,GValueAddIndus,NL,2014-04-01,23431.1
CLV05_MEUR,SCA,B-E,GValueAddIndus,NL,2014-01-01,22631
CLV05_MEUR,SCA,B-E,GValueAddIndus,NL,2013-10-01,23677.9
CLV05_MEUR,SCA,B-E,GValueAddIndus,NL,2013-07-01,23223.7
CLV05_MEUR,SCA,B-E,GValueAddIndus,NL,2013-04-01,23318.2
CLV05_MEUR,SCA,B-E,GValueAddIndus,NL,2013-01-01,24060.5
CLV05_MEUR,SCA,B-E,GValueAddIndus,NL,2012-10-01,23048.1
CLV05_MEUR,SCA,B-E,GValueAddIndus,NL,2012-07-01,23200.1
CLV05_MEUR,SCA,B-E,GValueAddIndus,NL,2012-04-01,23280.4
CLV05_MEUR,SCA,B-E,GValueAddIndus,NL,2012-01-01,23223.1
CLV05_MEUR,SCA,B-E,GValueAddIndus,NL,2011-10-01,22997.6
CLV05_MEUR,SCA,B-E,GValueAddIndus,NL,2011-07-01,23752.6
CLV05_MEUR,SCA,B-E,GValueAddIndus,NL,2011-04-01,23427.6
CLV05_MEUR,SCA,B-E,GValueAddIndus,NL,2011-01-01,23340.9
CLV05_MEUR,SCA,B-E,GValueAddIndus,NL,2010-10-01,23515.3
CLV05_MEUR,SCA,B-E,GValueAddIndus,NL,2010-07-01,22814.2
CLV05_MEUR,SCA,B-E,GValueAddIndus,NL,2010-04-01,22870.3
CLV05_MEUR,SCA,B-E,GValueAddIndus,NL,2010-01-01,22692.4
CLV05_MEUR,SCA,B-E,GValueAddIndus,NL,2009-10-01,22534.9
CLV05_MEUR,SCA,B-E,GValueAddIndus,NL,2009-07-01,21855.7
CLV05_MEUR,SCA,B-E,GValueAddIndus,NL,2009-04-01,21330
CLV05_MEUR,SCA,B-E,GValueAddIndus,NL,2009-01-01,21162.1
CLV05_MEUR,SCA,B-E,GValueAddIndus,NL,2008-10-01,23259.8
CLV05_MEUR,SCA,B-E,GValueAddIndus,NL,2008-07-01,24030.9
CLV05_MEUR,SCA,B-E,GValueAddIndus,NL,2008-04-01,24216.6
CLV05_MEUR,SCA,B-E,GValueAddIndus,NL,2008-01-01,23908.1
CLV05_MEUR,SCA,B-E,GValueAddIndus,NL,2007-10-01,24499
CLV05_MEUR,SCA,B-E,GValueAddIndus,NL,2007-07-01,23498.6
CLV05_MEUR,SCA,B-E,GValueAddIndus,NL,2007-04-01,23011.8
CLV05_MEUR,SCA,B-E,GValueAddIndus,NL,2007-01-01,23010.8
CLV05_MEUR,SCA,B-E,GValueAddIndus,NL,2006-10-01,22680.2
CLV05_MEUR,SCA,B-E,GValueAddIndus,NL,2006-07-01,22519
CLV05_MEUR,SCA,B-E,GValueAddIndus,NL,2006-04-01,22872.3
CLV05_MEUR,SCA,B-E,GValueAddIndus,NL,2006-01-01,22745.9
CLV05_MEUR,SCA,B-E,GValueAddIndus,NL,2005-10-01,22331.3
CLV05_MEUR,SCA,B-E,GValueAddIndus,NL,2005-07-01,22460.1
CLV05_MEUR,SCA,B-E,GValueAddIndus,NL,2005-04-01,22154.3
CLV05_MEUR,SCA,B-E,GValueAddIndus,NL,2005-01-01,21938.1
CLV05_MEUR,SCA,B-E,GValueAddIndus,NL,2004-10-01,21835.5
CLV05_MEUR,SCA,B-E,GValueAddIndus,NL,2004-07-01,22135.2
CLV05_MEUR,SCA,B-E,GValueAddIndus,NL,2004-04-01,21982.7
CLV05_MEUR,SCA,B-E,GValueAddIndus,NL,2004-01-01,21740.8
CLV05_MEUR,SCA,B-E,GValueAddIndus,NL,2003-10-01,21522.4
CLV05_MEUR,SCA,B-E,GValueAddIndus,NL,2003-07-01,21052.9
CLV05_MEUR,SCA,B-E,GValueAddIndus,NL,2003-04-01,20922.5
CLV05_MEUR,SCA,B-E,GValueAddIndus,NL,2003-01-01,21348.8
CLV05_MEUR,SCA,B-E,GValueAddIndus,NL,2002-10-01,21508.2
CLV05_MEUR,SCA,B-E,GValueAddIndus,NL,2002-07-01,21402.9
CLV05_MEUR,SCA,B-E,GValueAddIndus,NL,2002-04-01,21308.8
CLV05_MEUR,SCA,B-E,GValueAddIndus,NL,2002-01-01,21090.5
CLV05_MEUR,SCA,B-E,GValueAddIndus,NL,2001-10-01,21362.1
CLV05_MEUR,SCA,B-E,GValueAddIndus,NL,2001-07-01,21250.8
CLV05_MEUR,SCA,B-E,GValueAddIndus,NL,2001-04-01,21332
CLV05_MEUR,SCA,B-E,GValueAddIndus,NL,2001-01-01,21306
CLV05_MEUR,SCA,B-E,GValueAddIndus,NL,2000-10-01,21310.9
CLV05_MEUR,SCA,B-E,GValueAddIndus,NL,2000-07-01,20976.7
CLV05_MEUR,SCA,B-E,GValueAddIndus,NL,2000-04-01,20606.8
CLV05_MEUR,SCA,B-E,GValueAddIndus,NL,2000-01-01,20203.8
CLV05_MEUR,SCA,B-E,GValueAddIndus,NL,1999-10-01,20202.9
CLV05_MEUR,SCA,B-E,GValueAddIndus,NL,1999-07-01,19964.9
CLV05_MEUR,SCA,B-E,GValueAddIndus,NL,1999-04-01,19801.6
CLV05_MEUR,SCA,B-E,GValueAddIndus,NL,1999-01-01,19599.1
CLV05_MEUR,SCA,B-E,GValueAddIndus,NL,1998-10-01,19425.4
CLV05_MEUR,SCA,B-E,GValueAddIndus,NL,1998-07-01,19391.9
CLV05_MEUR,SCA,B-E,GValueAddIndus,NL,1998-04-01,19470.4
CLV05_MEUR,SCA,B-E,GValueAddIndus,NL,1998-01-01,19342.5
CLV05_MEUR,SCA,B-E,GValueAddIndus,NL,1997-10-01,19126.9
CLV05_MEUR,SCA,B-E,GValueAddIndus,NL,1997-07-01,18836.7
CLV05_MEUR,SCA,B-E,GValueAddIndus,NL,1997-04-01,18680.5
CLV05_MEUR,SCA,B-E,GValueAddIndus,NL,1997-01-01,18519.9
CLV05_MEUR,SCA,B-E,GValueAddIndus,NL,1996-10-01,18660.7
CLV05_MEUR,SCA,B-E,GValueAddIndus,NL,1996-07-01,18627.8
CLV05_MEUR,SCA,B-E,GValueAddIndus,NL,1996-04-01,18402
CLV05_MEUR,SCA,B-E,GValueAddIndus,NL,1996-01-01,18734.7
CLV05_MEUR,SCA,NA,Export,NL,2023-04-01,162017
CLV05_MEUR,SCA,NA,Export,NL,2023-01-01,163149.2
CLV05_MEUR,SCA,NA,Export,NL,2022-10-01,162866.5
CLV05_MEUR,SCA,NA,Export,NL,2022-07-01,161149.4
CLV05_MEUR,SCA,NA,Export,NL,2022-04-01,162976.3
CLV05_MEUR,SCA,NA,Export,NL,2022-01-01,158974.9
CLV05_MEUR,SCA,NA,Export,NL,2021-10-01,155697.4
CLV05_MEUR,SCA,NA,Export,NL,2021-07-01,156522.8
CLV05_MEUR,SCA,NA,Export,NL,2021-04-01,153862.3
CLV05_MEUR,SCA,NA,Export,NL,2021-01-01,151234.5
CLV05_MEUR,SCA,NA,Export,NL,2020-10-01,146248.1
CLV05_MEUR,SCA,NA,Export,NL,2020-07-01,142930.6
CLV05_MEUR,SCA,NA,Export,NL,2020-04-01,133403.6
CLV05_MEUR,SCA,NA,Export,NL,2020-01-01,148916.2
CLV05_MEUR,SCA,NA,Export,NL,2019-10-01,150405.2
CLV05_MEUR,SCA,NA,Export,NL,2019-07-01,149742
CLV05_MEUR,SCA,NA,Export,NL,2019-04-01,149732.9
CLV05_MEUR,SCA,NA,Export,NL,2019-01-01,147606.5
CLV05_MEUR,SCA,NA,Export,NL,2018-10-01,146729.2
CLV05_MEUR,SCA,NA,Export,NL,2018-07-01,148340.6
CLV05_MEUR,SCA,NA,Export,NL,2018-04-01,146495.3
CLV05_MEUR,SCA,NA,Export,NL,2018-01-01,144998.3
CLV05_MEUR,SCA,NA,Export,NL,2017-10-01,143688.2
CLV05_MEUR,SCA,NA,Export,NL,2017-07-01,141915.6
CLV05_MEUR,SCA,NA,Export,NL,2017-04-01,139851
CLV05_MEUR,SCA,NA,Export,NL,2017-01-01,137593.9
CLV05_MEUR,SCA,NA,Export,NL,2016-10-01,133789.9
CLV05_MEUR,SCA,NA,Export,NL,2016-07-01,132089.4
CLV05_MEUR,SCA,NA,Export,NL,2016-04-01,130825.8
CLV05_MEUR,SCA,NA,Export,NL,2016-01-01,130828.5
CLV05_MEUR,SCA,NA,Export,NL,2015-10-01,130518.1
CLV05_MEUR,SCA,NA,Export,NL,2015-07-01,129324.5
CLV05_MEUR,SCA,NA,Export,NL,2015-04-01,127804.5
CLV05_MEUR,SCA,NA,Export,NL,2015-01-01,132012.7
CLV05_MEUR,SCA,NA,Export,NL,2014-10-01,123684.8
CLV05_MEUR,SCA,NA,Export,NL,2014-07-01,121989.2
CLV05_MEUR,SCA,NA,Export,NL,2014-04-01,119701.8
CLV05_MEUR,SCA,NA,Export,NL,2014-01-01,118587.7
CLV05_MEUR,SCA,NA,Export,NL,2013-10-01,117543.6
CLV05_MEUR,SCA,NA,Export,NL,2013-07-01,115963.1
CLV05_MEUR,SCA,NA,Export,NL,2013-04-01,114740.1
CLV05_MEUR,SCA,NA,Export,NL,2013-01-01,114749.6
CLV05_MEUR,SCA,NA,Export,NL,2012-10-01,114632.2
CLV05_MEUR,SCA,NA,Export,NL,2012-07-01,112937.4
CLV05_MEUR,SCA,NA,Export,NL,2012-04-01,112840.8
CLV05_MEUR,SCA,NA,Export,NL,2012-01-01,110733.2
CLV05_MEUR,SCA,NA,Export,NL,2011-10-01,109335.4
CLV05_MEUR,SCA,NA,Export,NL,2011-07-01,109985.7
CLV05_MEUR,SCA,NA,Export,NL,2011-04-01,108790
CLV05_MEUR,SCA,NA,Export,NL,2011-01-01,108837.9
CLV05_MEUR,SCA,NA,Export,NL,2010-10-01,107706.4
CLV05_MEUR,SCA,NA,Export,NL,2010-07-01,105097.6
CLV05_MEUR,SCA,NA,Export,NL,2010-04-01,102678.6
CLV05_MEUR,SCA,NA,Export,NL,2010-01-01,99963.8
CLV05_MEUR,SCA,NA,Export,NL,2009-10-01,97769
CLV05_MEUR,SCA,NA,Export,NL,2009-07-01,95511.1
CLV05_MEUR,SCA,NA,Export,NL,2009-04-01,93373.9
CLV05_MEUR,SCA,NA,Export,NL,2009-01-01,92556.2
CLV05_MEUR,SCA,NA,Export,NL,2008-10-01,100721.4
CLV05_MEUR,SCA,NA,Export,NL,2008-07-01,104641.7
CLV05_MEUR,SCA,NA,Export,NL,2008-04-01,105206.7
CLV05_MEUR,SCA,NA,Export,NL,2008-01-01,104427.6
CLV05_MEUR,SCA,NA,Export,NL,2007-10-01,104434.1
CLV05_MEUR,SCA,NA,Export,NL,2007-07-01,102750.9
CLV05_MEUR,SCA,NA,Export,NL,2007-04-01,101056.4
CLV05_MEUR,SCA,NA,Export,NL,2007-01-01,100164.8
CLV05_MEUR,SCA,NA,Export,NL,2006-10-01,98795.5
CLV05_MEUR,SCA,NA,Export,NL,2006-07-01,97460
CLV05_MEUR,SCA,NA,Export,NL,2006-04-01,96685.5
CLV05_MEUR,SCA,NA,Export,NL,2006-01-01,94762.5
CLV05_MEUR,SCA,NA,Export,NL,2005-10-01,92055.3
CLV05_MEUR,SCA,NA,Export,NL,2005-07-01,91060.2
CLV05_MEUR,SCA,NA,Export,NL,2005-04-01,89070.8
CLV05_MEUR,SCA,NA,Export,NL,2005-01-01,88240
CLV05_MEUR,SCA,NA,Export,NL,2004-10-01,88263.4
CLV05_MEUR,SCA,NA,Export,NL,2004-07-01,86330.4
CLV05_MEUR,SCA,NA,Export,NL,2004-04-01,84802.3
CLV05_MEUR,SCA,NA,Export,NL,2004-01-01,81187.7
CLV05_MEUR,SCA,NA,Export,NL,2003-10-01,80198.7
CLV05_MEUR,SCA,NA,Export,NL,2003-07-01,78694.8
CLV05_MEUR,SCA,NA,Export,NL,2003-04-01,78419.1
CLV05_MEUR,SCA,NA,Export,NL,2003-01-01,79182.5
CLV05_MEUR,SCA,NA,Export,NL,2002-10-01,78247.9
CLV05_MEUR,SCA,NA,Export,NL,2002-07-01,77922.1
CLV05_MEUR,SCA,NA,Export,NL,2002-04-01,77239.6
CLV05_MEUR,SCA,NA,Export,NL,2002-01-01,76684.3
CLV05_MEUR,SCA,NA,Export,NL,2001-10-01,76380.6
CLV05_MEUR,SCA,NA,Export,NL,2001-07-01,77158.3
CLV05_MEUR,SCA,NA,Export,NL,2001-04-01,76972.8
CLV05_MEUR,SCA,NA,Export,NL,2001-01-01,77649
CLV05_MEUR,SCA,NA,Export,NL,2000-10-01,80576.9
CLV05_MEUR,SCA,NA,Export,NL,2000-07-01,76513
CLV05_MEUR,SCA,NA,Export,NL,2000-04-01,74417.8
CLV05_MEUR,SCA,NA,Export,NL,2000-01-01,72295.9
CLV05_MEUR,SCA,NA,Export,NL,1999-10-01,70003.3
CLV05_MEUR,SCA,NA,Export,NL,1999-07-01,67542.1
CLV05_MEUR,SCA,NA,Export,NL,1999-04-01,66927.2
CLV05_MEUR,SCA,NA,Export,NL,1999-01-01,65125.1
CLV05_MEUR,SCA,NA,Export,NL,1998-10-01,63649.5
CLV05_MEUR,SCA,NA,Export,NL,1998-07-01,62421.4
CLV05_MEUR,SCA,NA,Export,NL,1998-04-01,61684
CLV05_MEUR,SCA,NA,Export,NL,1998-01-01,60244.9
CLV05_MEUR,SCA,NA,Export,NL,1997-10-01,60047.8
CLV05_MEUR,SCA,NA,Export,NL,1997-07-01,59109.2
CLV05_MEUR,SCA,NA,Export,NL,1997-04-01,57526.7
CLV05_MEUR,SCA,NA,Export,NL,1997-01-01,56412.7
CLV05_MEUR,SCA,NA,Export,NL,1996-10-01,54079.9
CLV05_MEUR,SCA,NA,Export,NL,1996-07-01,53203.1
CLV05_MEUR,SCA,NA,Export,NL,1996-04-01,51861.3
CLV05_MEUR,SCA,NA,Export,NL,1996-01-01,52149.6
CLV05_MEUR,SCA,NA,Import,NL,2023-04-01,140210.2
CLV05_MEUR,SCA,NA,Import,NL,2023-01-01,139554
CLV05_MEUR,SCA,NA,Import,NL,2022-10-01,138951.1
CLV05_MEUR,SCA,NA,Import,NL,2022-07-01,137347.7
CLV05_MEUR,SCA,NA,Import,NL,2022-04-01,138351.4
CLV05_MEUR,SCA,NA,Import,NL,2022-01-01,136381.7
CLV05_MEUR,SCA,NA,Import,NL,2021-10-01,133411.1
CLV05_MEUR,SCA,NA,Import,NL,2021-07-01,134790.4
CLV05_MEUR,SCA,NA,Import,NL,2021-04-01,131855.8
CLV05_MEUR,SCA,NA,Import,NL,2021-01-01,130033.2
CLV05_MEUR,SCA,NA,Import,NL,2020-10-01,127619
CLV05_MEUR,SCA,NA,Import,NL,2020-07-01,124606.6
CLV05_MEUR,SCA,NA,Import,NL,2020-04-01,117311.2
CLV05_MEUR,SCA,NA,Import,NL,2020-01-01,129595.7
CLV05_MEUR,SCA,NA,Import,NL,2019-10-01,131723.6
CLV05_MEUR,SCA,NA,Import,NL,2019-07-01,131836.5
CLV05_MEUR,SCA,NA,Import,NL,2019-04-01,131313.5
CLV05_MEUR,SCA,NA,Import,NL,2019-01-01,129227.1
CLV05_MEUR,SCA,NA,Import,NL,2018-10-01,127218
CLV05_MEUR,SCA,NA,Import,NL,2018-07-01,127758
CLV05_MEUR,SCA,NA,Import,NL,2018-04-01,127094.7
CLV05_MEUR,SCA,NA,Import,NL,2018-01-01,126275.4
CLV05_MEUR,SCA,NA,Import,NL,2017-10-01,124655.6
CLV05_MEUR,SCA,NA,Import,NL,2017-07-01,123201.2
CLV05_MEUR,SCA,NA,Import,NL,2017-04-01,120329
CLV05_MEUR,SCA,NA,Import,NL,2017-01-01,117978.9
CLV05_MEUR,SCA,NA,Import,NL,2016-10-01,115633.3
CLV05_MEUR,SCA,NA,Import,NL,2016-07-01,114435.6
CLV05_MEUR,SCA,NA,Import,NL,2016-04-01,113908.1
CLV05_MEUR,SCA,NA,Import,NL,2016-01-01,112767.3
CLV05_MEUR,SCA,NA,Import,NL,2015-10-01,113542.3
CLV05_MEUR,SCA,NA,Import,NL,2015-07-01,111213.5
CLV05_MEUR,SCA,NA,Import,NL,2015-04-01,135775.7
CLV05_MEUR,SCA,NA,Import,NL,2015-01-01,105938.1
CLV05_MEUR,SCA,NA,Import,NL,2014-10-01,103933.3
CLV05_MEUR,SCA,NA,Import,NL,2014-07-01,102453.9
CLV05_MEUR,SCA,NA,Import,NL,2014-04-01,100673
CLV05_MEUR,SCA,NA,Import,NL,2014-01-01,100209.5
CLV05_MEUR,SCA,NA,Import,NL,2013-10-01,101601.3
CLV05_MEUR,SCA,NA,Import,NL,2013-07-01,98643.6
CLV05_MEUR,SCA,NA,Import,NL,2013-04-01,97785.5
CLV05_MEUR,SCA,NA,Import,NL,2013-01-01,96337.1
CLV05_MEUR,SCA,NA,Import,NL,2012-10-01,96906
CLV05_MEUR,SCA,NA,Import,NL,2012-07-01,96447.8
CLV05_MEUR,SCA,NA,Import,NL,2012-04-01,96640.6
CLV05_MEUR,SCA,NA,Import,NL,2012-01-01,95165.6
CLV05_MEUR,SCA,NA,Import,NL,2011-10-01,94449.8
CLV05_MEUR,SCA,NA,Import,NL,2011-07-01,94804.8
CLV05_MEUR,SCA,NA,Import,NL,2011-04-01,93197.3
CLV05_MEUR,SCA,NA,Import,NL,2011-01-01,94528.9
CLV05_MEUR,SCA,NA,Import,NL,2010-10-01,93066.8
CLV05_MEUR,SCA,NA,Import,NL,2010-07-01,91497.5
CLV05_MEUR,SCA,NA,Import,NL,2010-04-01,90856.5
CLV05_MEUR,SCA,NA,Import,NL,2010-01-01,87636.1
CLV05_MEUR,SCA,NA,Import,NL,2009-10-01,86366.9
CLV05_MEUR,SCA,NA,Import,NL,2009-07-01,84254.4
CLV05_MEUR,SCA,NA,Import,NL,2009-04-01,82242.8
CLV05_MEUR,SCA,NA,Import,NL,2009-01-01,82295.7
CLV05_MEUR,SCA,NA,Import,NL,2008-10-01,89233.9
CLV05_MEUR,SCA,NA,Import,NL,2008-07-01,92067.3
CLV05_MEUR,SCA,NA,Import,NL,2008-04-01,91793.2
CLV05_MEUR,SCA,NA,Import,NL,2008-01-01,90379
CLV05_MEUR,SCA,NA,Import,NL,2007-10-01,99369.4
CLV05_MEUR,SCA,NA,Import,NL,2007-07-01,90398.4
CLV05_MEUR,SCA,NA,Import,NL,2007-04-01,88531.2
CLV05_MEUR,SCA,NA,Import,NL,2007-01-01,87618.6
CLV05_MEUR,SCA,NA,Import,NL,2006-10-01,86966.1
CLV05_MEUR,SCA,NA,Import,NL,2006-07-01,84824.1
CLV05_MEUR,SCA,NA,Import,NL,2006-04-01,84559.9
CLV05_MEUR,SCA,NA,Import,NL,2006-01-01,82979.7
CLV05_MEUR,SCA,NA,Import,NL,2005-10-01,80013
CLV05_MEUR,SCA,NA,Import,NL,2005-07-01,79525.9
CLV05_MEUR,SCA,NA,Import,NL,2005-04-01,77768.4
CLV05_MEUR,SCA,NA,Import,NL,2005-01-01,76850.6
CLV05_MEUR,SCA,NA,Import,NL,2004-10-01,77086.3
CLV05_MEUR,SCA,NA,Import,NL,2004-07-01,75327.5
CLV05_MEUR,SCA,NA,Import,NL,2004-04-01,74062
CLV05_MEUR,SCA,NA,Import,NL,2004-01-01,71283.2
CLV05_MEUR,SCA,NA,Import,NL,2003-10-01,71234
CLV05_MEUR,SCA,NA,Import,NL,2003-07-01,69775.4
CLV05_MEUR,SCA,NA,Import,NL,2003-04-01,69943.7
CLV05_MEUR,SCA,NA,Import,NL,2003-01-01,70299.1
CLV05_MEUR,SCA,NA,Import,NL,2002-10-01,69101.4
CLV05_MEUR,SCA,NA,Import,NL,2002-07-01,69232.6
CLV05_MEUR,SCA,NA,Import,NL,2002-04-01,68610.6
CLV05_MEUR,SCA,NA,Import,NL,2002-01-01,68225.2
CLV05_MEUR,SCA,NA,Import,NL,2001-10-01,67450.3
CLV05_MEUR,SCA,NA,Import,NL,2001-07-01,68936.4
CLV05_MEUR,SCA,NA,Import,NL,2001-04-01,68636.4
CLV05_MEUR,SCA,NA,Import,NL,2001-01-01,69516.6
CLV05_MEUR,SCA,NA,Import,NL,2000-10-01,70528.2
CLV05_MEUR,SCA,NA,Import,NL,2000-07-01,67135.3
CLV05_MEUR,SCA,NA,Import,NL,2000-04-01,66305.8
CLV05_MEUR,SCA,NA,Import,NL,2000-01-01,64089.9
CLV05_MEUR,SCA,NA,Import,NL,1999-10-01,62813.2
CLV05_MEUR,SCA,NA,Import,NL,1999-07-01,60838.5
CLV05_MEUR,SCA,NA,Import,NL,1999-04-01,59228.4
CLV05_MEUR,SCA,NA,Import,NL,1999-01-01,57566.8
CLV05_MEUR,SCA,NA,Import,NL,1998-10-01,56044.3
CLV05_MEUR,SCA,NA,Import,NL,1998-07-01,55376.3
CLV05_MEUR,SCA,NA,Import,NL,1998-04-01,54236.5
CLV05_MEUR,SCA,NA,Import,NL,1998-01-01,53883.9
CLV05_MEUR,SCA,NA,Import,NL,1997-10-01,52515.6
CLV05_MEUR,SCA,NA,Import,NL,1997-07-01,51406.3
CLV05_MEUR,SCA,NA,Import,NL,1997-04-01,50446.3
CLV05_MEUR,SCA,NA,Import,NL,1997-01-01,48821.9
CLV05_MEUR,SCA,NA,Import,NL,1996-10-01,47477.4
CLV05_MEUR,SCA,NA,Import,NL,1996-07-01,45844.1
CLV05_MEUR,SCA,NA,Import,NL,1996-04-01,44603.9
CLV05_MEUR,SCA,NA,Import,NL,1996-01-01,44354
CLV05_MEUR,SCA,NA,GCapitalForm,NL,2023-04-01,40089.6
CLV05_MEUR,SCA,NA,GCapitalForm,NL,2023-01-01,37953.8
CLV05_MEUR,SCA,NA,GCapitalForm,NL,2022-10-01,38003.1
CLV05_MEUR,SCA,NA,GCapitalForm,NL,2022-07-01,38393.1
CLV05_MEUR,SCA,NA,GCapitalForm,NL,2022-04-01,38705.1
CLV05_MEUR,SCA,NA,GCapitalForm,NL,2022-01-01,38609.7
CLV05_MEUR,SCA,NA,GCapitalForm,NL,2021-10-01,38278.3
CLV05_MEUR,SCA,NA,GCapitalForm,NL,2021-07-01,37855.5
CLV05_MEUR,SCA,NA,GCapitalForm,NL,2021-04-01,37400.6
CLV05_MEUR,SCA,NA,GCapitalForm,NL,2021-01-01,38502.5
CLV05_MEUR,SCA,NA,GCapitalForm,NL,2020-10-01,36892.2
CLV05_MEUR,SCA,NA,GCapitalForm,NL,2020-07-01,35940.8
CLV05_MEUR,SCA,NA,GCapitalForm,NL,2020-04-01,35222.8
CLV05_MEUR,SCA,NA,GCapitalForm,NL,2020-01-01,37367.4
CLV05_MEUR,SCA,NA,GCapitalForm,NL,2019-10-01,38734.5
CLV05_MEUR,SCA,NA,GCapitalForm,NL,2019-07-01,39389.2
CLV05_MEUR,SCA,NA,GCapitalForm,NL,2019-04-01,38577
CLV05_MEUR,SCA,NA,GCapitalForm,NL,2019-01-01,38495.6
CLV05_MEUR,SCA,NA,GCapitalForm,NL,2018-10-01,36705.1
CLV05_MEUR,SCA,NA,GCapitalForm,NL,2018-07-01,35348.2
CLV05_MEUR,SCA,NA,GCapitalForm,NL,2018-04-01,36240.6
CLV05_MEUR,SCA,NA,GCapitalForm,NL,2018-01-01,36172.9
CLV05_MEUR,SCA,NA,GCapitalForm,NL,2017-10-01,36205.8
CLV05_MEUR,SCA,NA,GCapitalForm,NL,2017-07-01,35224.4
CLV05_MEUR,SCA,NA,GCapitalForm,NL,2017-04-01,34199.2
CLV05_MEUR,SCA,NA,GCapitalForm,NL,2017-01-01,33576.1
CLV05_MEUR,SCA,NA,GCapitalForm,NL,2016-10-01,33667.8
CLV05_MEUR,SCA,NA,GCapitalForm,NL,2016-07-01,33918.9
CLV05_MEUR,SCA,NA,GCapitalForm,NL,2016-04-01,33477
CLV05_MEUR,SCA,NA,GCapitalForm,NL,2016-01-01,32134.3
CLV05_MEUR,SCA,NA,GCapitalForm,NL,2015-10-01,32090.6
CLV05_MEUR,SCA,NA,GCapitalForm,NL,2015-07-01,31118.7
CLV05_MEUR,SCA,NA,GCapitalForm,NL,2015-04-01,57589.9
CLV05_MEUR,SCA,NA,GCapitalForm,NL,2015-01-01,22057.9
CLV05_MEUR,SCA,NA,GCapitalForm,NL,2014-10-01,28178.9
CLV05_MEUR,SCA,NA,GCapitalForm,NL,2014-07-01,27411.2
CLV05_MEUR,SCA,NA,GCapitalForm,NL,2014-04-01,27307.8
CLV05_MEUR,SCA,NA,GCapitalForm,NL,2014-01-01,27617.8
CLV05_MEUR,SCA,NA,GCapitalForm,NL,2013-10-01,30120.3
CLV05_MEUR,SCA,NA,GCapitalForm,NL,2013-07-01,27891.7
CLV05_MEUR,SCA,NA,GCapitalForm,NL,2013-04-01,27610.9
CLV05_MEUR,SCA,NA,GCapitalForm,NL,2013-01-01,26188
CLV05_MEUR,SCA,NA,GCapitalForm,NL,2012-10-01,26448.2
CLV05_MEUR,SCA,NA,GCapitalForm,NL,2012-07-01,28177.3
CLV05_MEUR,SCA,NA,GCapitalForm,NL,2012-04-01,28782.6
CLV05_MEUR,SCA,NA,GCapitalForm,NL,2012-01-01,28808.9
CLV05_MEUR,SCA,NA,GCapitalForm,NL,2011-10-01,29676
CLV05_MEUR,SCA,NA,GCapitalForm,NL,2011-07-01,29989.2
CLV05_MEUR,SCA,NA,GCapitalForm,NL,2011-04-01,29133.4
CLV05_MEUR,SCA,NA,GCapitalForm,NL,2011-01-01,30668.3
CLV05_MEUR,SCA,NA,GCapitalForm,NL,2010-10-01,29139.4
CLV05_MEUR,SCA,NA,GCapitalForm,NL,2010-07-01,28861.4
CLV05_MEUR,SCA,NA,GCapitalForm,NL,2010-04-01,30137.8
CLV05_MEUR,SCA,NA,GCapitalForm,NL,2010-01-01,29216.7
CLV05_MEUR,SCA,NA,GCapitalForm,NL,2009-10-01,30186.7
CLV05_MEUR,SCA,NA,GCapitalForm,NL,2009-07-01,29651.9
CLV05_MEUR,SCA,NA,GCapitalForm,NL,2009-04-01,29506.5
CLV05_MEUR,SCA,NA,GCapitalForm,NL,2009-01-01,30321.4
CLV05_MEUR,SCA,NA,GCapitalForm,NL,2008-10-01,34467
CLV05_MEUR,SCA,NA,GCapitalForm,NL,2008-07-01,34485.1
CLV05_MEUR,SCA,NA,GCapitalForm,NL,2008-04-01,33965.9
CLV05_MEUR,SCA,NA,GCapitalForm,NL,2008-01-01,33000.5
CLV05_MEUR,SCA,NA,GCapitalForm,NL,2007-10-01,41769.5
CLV05_MEUR,SCA,NA,GCapitalForm,NL,2007-07-01,33159.7
CLV05_MEUR,SCA,NA,GCapitalForm,NL,2007-04-01,32198.1
CLV05_MEUR,SCA,NA,GCapitalForm,NL,2007-01-01,31807.6
CLV05_MEUR,SCA,NA,GCapitalForm,NL,2006-10-01,31623.2
CLV05_MEUR,SCA,NA,GCapitalForm,NL,2006-07-01,30062.8
CLV05_MEUR,SCA,NA,GCapitalForm,NL,2006-04-01,29880.9
CLV05_MEUR,SCA,NA,GCapitalForm,NL,2006-01-01,29078.4
CLV05_MEUR,SCA,NA,GCapitalForm,NL,2005-10-01,28732.2
CLV05_MEUR,SCA,NA,GCapitalForm,NL,2005-07-01,28513.4
CLV05_MEUR,SCA,NA,GCapitalForm,NL,2005-04-01,27915.6
CLV05_MEUR,SCA,NA,GCapitalForm,NL,2005-01-01,27526.6
CLV05_MEUR,SCA,NA,GCapitalForm,NL,2004-10-01,27160.7
CLV05_MEUR,SCA,NA,GCapitalForm,NL,2004-07-01,27181.5
CLV05_MEUR,SCA,NA,GCapitalForm,NL,2004-04-01,27152.8
CLV05_MEUR,SCA,NA,GCapitalForm,NL,2004-01-01,27424.4
CLV05_MEUR,SCA,NA,GCapitalForm,NL,2003-10-01,27423.2
CLV05_MEUR,SCA,NA,GCapitalForm,NL,2003-07-01,26899.1
CLV05_MEUR,SCA,NA,GCapitalForm,NL,2003-04-01,27125.1
CLV05_MEUR,SCA,NA,GCapitalForm,NL,2003-01-01,27054.3
CLV05_MEUR,SCA,NA,GCapitalForm,NL,2002-10-01,27126.8
CLV05_MEUR,SCA,NA,GCapitalForm,NL,2002-07-01,27703.3
CLV05_MEUR,SCA,NA,GCapitalForm,NL,2002-04-01,27749.9
CLV05_MEUR,SCA,NA,GCapitalForm,NL,2002-01-01,28050
CLV05_MEUR,SCA,NA,GCapitalForm,NL,2001-10-01,28906.9
CLV05_MEUR,SCA,NA,GCapitalForm,NL,2001-07-01,29899.2
CLV05_MEUR,SCA,NA,GCapitalForm,NL,2001-04-01,29870.9
CLV05_MEUR,SCA,NA,GCapitalForm,NL,2001-01-01,29974.6
CLV05_MEUR,SCA,NA,GCapitalForm,NL,2000-10-01,28761.2
CLV05_MEUR,SCA,NA,GCapitalForm,NL,2000-07-01,28165.3
CLV05_MEUR,SCA,NA,GCapitalForm,NL,2000-04-01,29243.7
CLV05_MEUR,SCA,NA,GCapitalForm,NL,2000-01-01,28061.5
CLV05_MEUR,SCA,NA,GCapitalForm,NL,1999-10-01,29467.7
CLV05_MEUR,SCA,NA,GCapitalForm,NL,1999-07-01,28872.6
CLV05_MEUR,SCA,NA,GCapitalForm,NL,1999-04-01,27059.6
CLV05_MEUR,SCA,NA,GCapitalForm,NL,1999-01-01,26856.5
CLV05_MEUR,SCA,NA,GCapitalForm,NL,1998-10-01,25870.4
CLV05_MEUR,SCA,NA,GCapitalForm,NL,1998-07-01,26276.5
CLV05_MEUR,SCA,NA,GCapitalForm,NL,1998-04-01,26029.6
CLV05_MEUR,SCA,NA,GCapitalForm,NL,1998-01-01,27618.5
CLV05_MEUR,SCA,NA,GCapitalForm,NL,1997-10-01,25789
CLV05_MEUR,SCA,NA,GCapitalForm,NL,1997-07-01,25095.6
CLV05_MEUR,SCA,NA,GCapitalForm,NL,1997-04-01,24978.1
CLV05_MEUR,SCA,NA,GCapitalForm,NL,1997-01-01,23759.1
CLV05_MEUR,SCA,NA,GCapitalForm,NL,1996-10-01,24354.4
CLV05_MEUR,SCA,NA,GCapitalForm,NL,1996-07-01,23629.6
CLV05_MEUR,SCA,NA,GCapitalForm,NL,1996-04-01,23055.6
CLV05_MEUR,SCA,NA,GCapitalForm,NL,1996-01-01,21652.9
CLV05_MEUR,SCA,NA,FinConsExpHH,NL,2023-04-01,75262.8
CLV05_MEUR,SCA,NA,FinConsExpHH,NL,2023-01-01,76481.4
CLV05_MEUR,SCA,NA,FinConsExpHH,NL,2022-10-01,76671
CLV05_MEUR,SCA,NA,FinConsExpHH,NL,2022-07-01,75454.1
CLV05_MEUR,SCA,NA,FinConsExpHH,NL,2022-04-01,75094.9
CLV05_MEUR,SCA,NA,FinConsExpHH,NL,2022-01-01,74128.3
CLV05_MEUR,SCA,NA,FinConsExpHH,NL,2021-10-01,73554.2
CLV05_MEUR,SCA,NA,FinConsExpHH,NL,2021-07-01,73334.3
CLV05_MEUR,SCA,NA,FinConsExpHH,NL,2021-04-01,70181.1
CLV05_MEUR,SCA,NA,FinConsExpHH,NL,2021-01-01,65811.4
CLV05_MEUR,SCA,NA,FinConsExpHH,NL,2020-10-01,68311.4
CLV05_MEUR,SCA,NA,FinConsExpHH,NL,2020-07-01,68475.1
CLV05_MEUR,SCA,NA,FinConsExpHH,NL,2020-04-01,63161.7
CLV05_MEUR,SCA,NA,FinConsExpHH,NL,2020-01-01,71118.1
CLV05_MEUR,SCA,NA,FinConsExpHH,NL,2019-10-01,72815.3
CLV05_MEUR,SCA,NA,FinConsExpHH,NL,2019-07-01,72154.6
CLV05_MEUR,SCA,NA,FinConsExpHH,NL,2019-04-01,72387.9
CLV05_MEUR,SCA,NA,FinConsExpHH,NL,2019-01-01,72007.3
CLV05_MEUR,SCA,NA,FinConsExpHH,NL,2018-10-01,71862.5
CLV05_MEUR,SCA,NA,FinConsExpHH,NL,2018-07-01,71661.7
CLV05_MEUR,SCA,NA,FinConsExpHH,NL,2018-04-01,71795.5
CLV05_MEUR,SCA,NA,FinConsExpHH,NL,2018-01-01,71508.2
CLV05_MEUR,SCA,NA,FinConsExpHH,NL,2017-10-01,70611.2
CLV05_MEUR,SCA,NA,FinConsExpHH,NL,2017-07-01,70705
CLV05_MEUR,SCA,NA,FinConsExpHH,NL,2017-04-01,70035.3
CLV05_MEUR,SCA,NA,FinConsExpHH,NL,2017-01-01,69468.9
CLV05_MEUR,SCA,NA,FinConsExpHH,NL,2016-10-01,69602.2
CLV05_MEUR,SCA,NA,FinConsExpHH,NL,2016-07-01,68816.4
CLV05_MEUR,SCA,NA,FinConsExpHH,NL,2016-04-01,68225.8
CLV05_MEUR,SCA,NA,FinConsExpHH,NL,2016-01-01,68274.5
CLV05_MEUR,SCA,NA,FinConsExpHH,NL,2015-10-01,68133.6
CLV05_MEUR,SCA,NA,FinConsExpHH,NL,2015-07-01,67988.7
CLV05_MEUR,SCA,NA,FinConsExpHH,NL,2015-04-01,68078
CLV05_MEUR,SCA,NA,FinConsExpHH,NL,2015-01-01,67682.2
CLV05_MEUR,SCA,NA,FinConsExpHH,NL,2014-10-01,67245.9
CLV05_MEUR,SCA,NA,FinConsExpHH,NL,2014-07-01,66506.9
CLV05_MEUR,SCA,NA,FinConsExpHH,NL,2014-04-01,66533.3
CLV05_MEUR,SCA,NA,FinConsExpHH,NL,2014-01-01,66287.9
CLV05_MEUR,SCA,NA,FinConsExpHH,NL,2013-10-01,66740.3
CLV05_MEUR,SCA,NA,FinConsExpHH,NL,2013-07-01,66454.4
CLV05_MEUR,SCA,NA,FinConsExpHH,NL,2013-04-01,66154.5
CLV05_MEUR,SCA,NA,FinConsExpHH,NL,2013-01-01,66189
CLV05_MEUR,SCA,NA,FinConsExpHH,NL,2012-10-01,66103.4
CLV05_MEUR,SCA,NA,FinConsExpHH,NL,2012-07-01,66992.7
CLV05_MEUR,SCA,NA,FinConsExpHH,NL,2012-04-01,67282.3
CLV05_MEUR,SCA,NA,FinConsExpHH,NL,2012-01-01,67727.6
CLV05_MEUR,SCA,NA,FinConsExpHH,NL,2011-10-01,67519.5
CLV05_MEUR,SCA,NA,FinConsExpHH,NL,2011-07-01,67741.7
CLV05_MEUR,SCA,NA,FinConsExpHH,NL,2011-04-01,67980.1
CLV05_MEUR,SCA,NA,FinConsExpHH,NL,2011-01-01,68001.4
CLV05_MEUR,SCA,NA,FinConsExpHH,NL,2010-10-01,68211.3
CLV05_MEUR,SCA,NA,FinConsExpHH,NL,2010-07-01,67766.5
CLV05_MEUR,SCA,NA,FinConsExpHH,NL,2010-04-01,67579
CLV05_MEUR,SCA,NA,FinConsExpHH,NL,2010-01-01,67548.3
CLV05_MEUR,SCA,NA,FinConsExpHH,NL,2009-10-01,67651.3
CLV05_MEUR,SCA,NA,FinConsExpHH,NL,2009-07-01,67661.7
CLV05_MEUR,SCA,NA,FinConsExpHH,NL,2009-04-01,67599.4
CLV05_MEUR,SCA,NA,FinConsExpHH,NL,2009-01-01,67927.1
CLV05_MEUR,SCA,NA,FinConsExpHH,NL,2008-10-01,69012.8
CLV05_MEUR,SCA,NA,FinConsExpHH,NL,2008-07-01,69109.9
CLV05_MEUR,SCA,NA,FinConsExpHH,NL,2008-04-01,69178.2
CLV05_MEUR,SCA,NA,FinConsExpHH,NL,2008-01-01,68734.4
CLV05_MEUR,SCA,NA,FinConsExpHH,NL,2007-10-01,69153
CLV05_MEUR,SCA,NA,FinConsExpHH,NL,2007-07-01,68555.4
CLV05_MEUR,SCA,NA,FinConsExpHH,NL,2007-04-01,68038.1
CLV05_MEUR,SCA,NA,FinConsExpHH,NL,2007-01-01,67804.9
CLV05_MEUR,SCA,NA,FinConsExpHH,NL,2006-10-01,67333.5
CLV05_MEUR,SCA,NA,FinConsExpHH,NL,2006-07-01,67357.6
CLV05_MEUR,SCA,NA,FinConsExpHH,NL,2006-04-01,67228.6
CLV05_MEUR,SCA,NA,FinConsExpHH,NL,2006-01-01,66605.8
CLV05_MEUR,SCA,NA,FinConsExpHH,NL,2005-10-01,67743.1
CLV05_MEUR,SCA,NA,FinConsExpHH,NL,2005-07-01,67547.6
CLV05_MEUR,SCA,NA,FinConsExpHH,NL,2005-04-01,66901.2
CLV05_MEUR,SCA,NA,FinConsExpHH,NL,2005-01-01,66655.9
CLV05_MEUR,SCA,NA,FinConsExpHH,NL,2004-10-01,66544.1
CLV05_MEUR,SCA,NA,FinConsExpHH,NL,2004-07-01,66513.1
CLV05_MEUR,SCA,NA,FinConsExpHH,NL,2004-04-01,66543.8
CLV05_MEUR,SCA,NA,FinConsExpHH,NL,2004-01-01,66853.7
CLV05_MEUR,SCA,NA,FinConsExpHH,NL,2003-10-01,66102
CLV05_MEUR,SCA,NA,FinConsExpHH,NL,2003-07-01,65978.3
CLV05_MEUR,SCA,NA,FinConsExpHH,NL,2003-04-01,66201.4
CLV05_MEUR,SCA,NA,FinConsExpHH,NL,2003-01-01,66341.1
CLV05_MEUR,SCA,NA,FinConsExpHH,NL,2002-10-01,66553.9
CLV05_MEUR,SCA,NA,FinConsExpHH,NL,2002-07-01,66232
CLV05_MEUR,SCA,NA,FinConsExpHH,NL,2002-04-01,66078.9
CLV05_MEUR,SCA,NA,FinConsExpHH,NL,2002-01-01,65994.8
CLV05_MEUR,SCA,NA,FinConsExpHH,NL,2001-10-01,66042.5
CLV05_MEUR,SCA,NA,FinConsExpHH,NL,2001-07-01,65564.7
CLV05_MEUR,SCA,NA,FinConsExpHH,NL,2001-04-01,65310.2
CLV05_MEUR,SCA,NA,FinConsExpHH,NL,2001-01-01,64860.3
CLV05_MEUR,SCA,NA,FinConsExpHH,NL,2000-10-01,64748.5
CLV05_MEUR,SCA,NA,FinConsExpHH,NL,2000-07-01,64336
CLV05_MEUR,SCA,NA,FinConsExpHH,NL,2000-04-01,63814.8
CLV05_MEUR,SCA,NA,FinConsExpHH,NL,2000-01-01,63618.7
CLV05_MEUR,SCA,NA,FinConsExpHH,NL,1999-10-01,62717.4
CLV05_MEUR,SCA,NA,FinConsExpHH,NL,1999-07-01,62326.7
CLV05_MEUR,SCA,NA,FinConsExpHH,NL,1999-04-01,61675.4
CLV05_MEUR,SCA,NA,FinConsExpHH,NL,1999-01-01,60731.8
CLV05_MEUR,SCA,NA,FinConsExpHH,NL,1998-10-01,59722.9
CLV05_MEUR,SCA,NA,FinConsExpHH,NL,1998-07-01,58971.3
CLV05_MEUR,SCA,NA,FinConsExpHH,NL,1998-04-01,58008.1
CLV05_MEUR,SCA,NA,FinConsExpHH,NL,1998-01-01,56949.8
CLV05_MEUR,SCA,NA,FinConsExpHH,NL,1997-10-01,56266.5
CLV05_MEUR,SCA,NA,FinConsExpHH,NL,1997-07-01,55509.4
CLV05_MEUR,SCA,NA,FinConsExpHH,NL,1997-04-01,54962.1
CLV05_MEUR,SCA,NA,FinConsExpHH,NL,1997-01-01,54565.3
CLV05_MEUR,SCA,NA,FinConsExpHH,NL,1996-10-01,54002.2
CLV05_MEUR,SCA,NA,FinConsExpHH,NL,1996-07-01,53227.2
CLV05_MEUR,SCA,NA,FinConsExpHH,NL,1996-04-01,52655.7
CLV05_MEUR,SCA,NA,FinConsExpHH,NL,1996-01-01,52388.3
I15,NA,NA,HICP_Electricity,NL,1996-01-01,168.03
I15,NA,NA,HICP_Electricity,NL,1996-04-01,167.13
I15,NA,NA,HICP_Electricity,NL,1996-07-01,166.79
I15,NA,NA,HICP_Electricity,NL,1996-10-01,167.35
I15,NA,NA,HICP_Electricity,NL,1997-01-01,170.7
I15,NA,NA,HICP_Electricity,NL,1997-04-01,172.82
I15,NA,NA,HICP_Electricity,NL,1997-07-01,172.32
I15,NA,NA,HICP_Electricity,NL,1997-10-01,172.42000000000002
I15,NA,NA,HICP_Electricity,NL,1998-01-01,173.04
I15,NA,NA,HICP_Electricity,NL,1998-04-01,173.16
I15,NA,NA,HICP_Electricity,NL,1998-07-01,172.98
I15,NA,NA,HICP_Electricity,NL,1998-10-01,174.32999999999998
I15,NA,NA,HICP_Electricity,NL,1999-01-01,185.49
I15,NA,NA,HICP_Electricity,NL,1999-04-01,184.02
I15,NA,NA,HICP_Electricity,NL,1999-07-01,185.04
I15,NA,NA,HICP_Electricity,NL,1999-10-01,185.92
I15,NA,NA,HICP_Electricity,NL,2000-01-01,210.63
I15,NA,NA,HICP_Electricity,NL,2000-04-01,214.32
I15,NA,NA,HICP_Electricity,NL,2000-07-01,217.26999999999998
I15,NA,NA,HICP_Electricity,NL,2000-10-01,220.72
I15,NA,NA,HICP_Electricity,NL,2001-01-01,250.92000000000002
I15,NA,NA,HICP_Electricity,NL,2001-04-01,234.32999999999998
I15,NA,NA,HICP_Electricity,NL,2001-07-01,245.01
I15,NA,NA,HICP_Electricity,NL,2001-10-01,241.11
I15,NA,NA,HICP_Electricity,NL,2002-01-01,244.72
I15,NA,NA,HICP_Electricity,NL,2002-04-01,244.77
I15,NA,NA,HICP_Electricity,NL,2002-07-01,254.04000000000002
I15,NA,NA,HICP_Electricity,NL,2002-10-01,253.41
I15,NA,NA,HICP_Electricity,NL,2003-01-01,254.28000000000003
I15,NA,NA,HICP_Electricity,NL,2003-04-01,255.63
I15,NA,NA,HICP_Electricity,NL,2003-07-01,256.23
I15,NA,NA,HICP_Electricity,NL,2003-10-01,256.46999999999997
I15,NA,NA,HICP_Electricity,NL,2004-01-01,265.86
I15,NA,NA,HICP_Electricity,NL,2004-04-01,265.84000000000003
I15,NA,NA,HICP_Electricity,NL,2004-07-01,267.04
I15,NA,NA,HICP_Electricity,NL,2004-10-01,267
I15,NA,NA,HICP_Electricity,NL,2005-01-01,288.40999999999997
I15,NA,NA,HICP_Electricity,NL,2005-04-01,288.44
I15,NA,NA,HICP_Electricity,NL,2005-07-01,290.18
I15,NA,NA,HICP_Electricity,NL,2005-10-01,290.88
I15,NA,NA,HICP_Electricity,NL,2006-01-01,307.78999999999996
I15,NA,NA,HICP_Electricity,NL,2006-04-01,307.94
I15,NA,NA,HICP_Electricity,NL,2006-07-01,315.01
I15,NA,NA,HICP_Electricity,NL,2006-10-01,315.81
I15,NA,NA,HICP_Electricity,NL,2007-01-01,320.82
I15,NA,NA,HICP_Electricity,NL,2007-04-01,321.33
I15,NA,NA,HICP_Electricity,NL,2007-07-01,319.7
I15,NA,NA,HICP_Electricity,NL,2007-10-01,320.77
I15,NA,NA,HICP_Electricity,NL,2008-01-01,267.55
I15,NA,NA,HICP_Electricity,NL,2008-04-01,268.15999999999997
I15,NA,NA,HICP_Electricity,NL,2008-07-01,277.44
I15,NA,NA,HICP_Electricity,NL,2008-10-01,278.53
I15,NA,NA,HICP_Electricity,NL,2009-01-01,299.96000000000004
I15,NA,NA,HICP_Electricity,NL,2009-04-01,297.2
I15,NA,NA,HICP_Electricity,NL,2009-07-01,287.57
I15,NA,NA,HICP_Electricity,NL,2009-10-01,287.72
I15,NA,NA,HICP_Electricity,NL,2010-01-01,273.12
I15,NA,NA,HICP_Electricity,NL,2010-04-01,272.38
I15,NA,NA,HICP_Electricity,NL,2010-07-01,274.46
I15,NA,NA,HICP_Electricity,NL,2010-10-01,273.53
I15,NA,NA,HICP_Electricity,NL,2011-01-01,277.95
I15,NA,NA,HICP_Electricity,NL,2011-04-01,279.76
I15,NA,NA,HICP_Electricity,NL,2011-07-01,284.77
I15,NA,NA,HICP_Electricity,NL,2011-10-01,284.41
I15,NA,NA,HICP_Electricity,NL,2012-01-01,295.4
I15,NA,NA,HICP_Electricity,NL,2012-04-01,294.22
I15,NA,NA,HICP_Electricity,NL,2012-07-01,292.86
I15,NA,NA,HICP_Electricity,NL,2012-10-01,297.77
I15,NA,NA,HICP_Electricity,NL,2013-01-01,308.23
I15,NA,NA,HICP_Electricity,NL,2013-04-01,306.27
I15,NA,NA,HICP_Electricity,NL,2013-07-01,304.88
I15,NA,NA,HICP_Electricity,NL,2013-10-01,303.7
I15,NA,NA,HICP_Electricity,NL,2014-01-01,304.53999999999996
I15,NA,NA,HICP_Electricity,NL,2014-04-01,303.68
I15,NA,NA,HICP_Electricity,NL,2014-07-01,300.53999999999996
I15,NA,NA,HICP_Electricity,NL,2014-10-01,301.21000000000004
I15,NA,NA,HICP_Electricity,NL,2015-01-01,301.88
I15,NA,NA,HICP_Electricity,NL,2015-04-01,301.78
I15,NA,NA,HICP_Electricity,NL,2015-07-01,298.9
I15,NA,NA,HICP_Electricity,NL,2015-10-01,297.47
I15,NA,NA,HICP_Electricity,NL,2016-01-01,258.72
I15,NA,NA,HICP_Electricity,NL,2016-04-01,254.82999999999998
I15,NA,NA,HICP_Electricity,NL,2016-07-01,254.49
I15,NA,NA,HICP_Electricity,NL,2016-10-01,254.84
I15,NA,NA,HICP_Electricity,NL,2017-01-01,257.73
I15,NA,NA,HICP_Electricity,NL,2017-04-01,257.63
I15,NA,NA,HICP_Electricity,NL,2017-07-01,257.89
I15,NA,NA,HICP_Electricity,NL,2017-10-01,260.79
I15,NA,NA,HICP_Electricity,NL,2018-01-01,290.98
I15,NA,NA,HICP_Electricity,NL,2018-04-01,291.89
I15,NA,NA,HICP_Electricity,NL,2018-07-01,302.90999999999997
I15,NA,NA,HICP_Electricity,NL,2018-10-01,310.28000000000003
I15,NA,NA,HICP_Electricity,NL,2019-01-01,352.83
I15,NA,NA,HICP_Electricity,NL,2019-04-01,348.71
I15,NA,NA,HICP_Electricity,NL,2019-07-01,341.15999999999997
I15,NA,NA,HICP_Electricity,NL,2019-10-01,340.63
I15,NA,NA,HICP_Electricity,NL,2020-01-01,215.22
I15,NA,NA,HICP_Electricity,NL,2020-04-01,206.33999999999997
I15,NA,NA,HICP_Electricity,NL,2020-07-01,205.51
I15,NA,NA,HICP_Electricity,NL,2020-10-01,207.89999999999998
I15,NA,NA,HICP_Electricity,NL,2021-01-01,203.23000000000002
I15,NA,NA,HICP_Electricity,NL,2021-04-01,213.26999999999998
I15,NA,NA,HICP_Electricity,NL,2021-07-01,244.26
I15,NA,NA,HICP_Electricity,NL,2021-10-01,359.43
I15,NA,NA,HICP_Electricity,NL,2022-01-01,466.34
I15,NA,NA,HICP_Electricity,NL,2022-04-01,478.2
I15,NA,NA,HICP_Electricity,NL,2022-07-01,616.58
I15,NA,NA,HICP_Electricity,NL,2022-10-01,663.06
I15,NA,NA,HICP_Electricity,NL,2023-01-01,457.37
I15,NA,NA,HICP_Electricity,NL,2023-04-01,401.12
I15,NA,NA,HICP_Gas,NL,1996-01-01,105.39000000000001
I15,NA,NA,HICP_Gas,NL,1996-04-01,105.39000000000001
I15,NA,NA,HICP_Gas,NL,1996-07-01,109.89000000000001
I15,NA,NA,HICP_Gas,NL,1996-10-01,109.89000000000001
I15,NA,NA,HICP_Gas,NL,1997-01-01,119.69999999999999
I15,NA,NA,HICP_Gas,NL,1997-04-01,119.69999999999999
I15,NA,NA,HICP_Gas,NL,1997-07-01,124.44
I15,NA,NA,HICP_Gas,NL,1997-10-01,124.44
I15,NA,NA,HICP_Gas,NL,1998-01-01,125.82
I15,NA,NA,HICP_Gas,NL,1998-04-01,125.82
I15,NA,NA,HICP_Gas,NL,1998-07-01,119.69999999999999
I15,NA,NA,HICP_Gas,NL,1998-10-01,119.69999999999999
I15,NA,NA,HICP_Gas,NL,1999-01-01,121.85999999999999
I15,NA,NA,HICP_Gas,NL,1999-04-01,121.85999999999999
I15,NA,NA,HICP_Gas,NL,1999-07-01,117.28999999999999
I15,NA,NA,HICP_Gas,NL,1999-10-01,117.21000000000001
I15,NA,NA,HICP_Gas,NL,2000-01-01,130.78
I15,NA,NA,HICP_Gas,NL,2000-04-01,130.56
I15,NA,NA,HICP_Gas,NL,2000-07-01,137.46
I15,NA,NA,HICP_Gas,NL,2000-10-01,137.1
I15,NA,NA,HICP_Gas,NL,2001-01-01,153.24
I15,NA,NA,HICP_Gas,NL,2001-04-01,152.85000000000002
I15,NA,NA,HICP_Gas,NL,2001-07-01,159.89999999999998
I15,NA,NA,HICP_Gas,NL,2001-10-01,159.89999999999998
I15,NA,NA,HICP_Gas,NL,2002-01-01,167.67000000000002
I15,NA,NA,HICP_Gas,NL,2002-04-01,167.52
I15,NA,NA,HICP_Gas,NL,2002-07-01,168.84
I15,NA,NA,HICP_Gas,NL,2002-10-01,170.82999999999998
I15,NA,NA,HICP_Gas,NL,2003-01-01,182.97
I15,NA,NA,HICP_Gas,NL,2003-04-01,183
I15,NA,NA,HICP_Gas,NL,2003-07-01,189.75
I15,NA,NA,HICP_Gas,NL,2003-10-01,189.75
I15,NA,NA,HICP_Gas,NL,2004-01-01,191.13
I15,NA,NA,HICP_Gas,NL,2004-04-01,191.15
I15,NA,NA,HICP_Gas,NL,2004-07-01,193.19
I15,NA,NA,HICP_Gas,NL,2004-10-01,193.23
I15,NA,NA,HICP_Gas,NL,2005-01-01,223.20000000000002
I15,NA,NA,HICP_Gas,NL,2005-04-01,223.25
I15,NA,NA,HICP_Gas,NL,2005-07-01,228.07
I15,NA,NA,HICP_Gas,NL,2005-10-01,229.44
I15,NA,NA,HICP_Gas,NL,2006-01-01,248.91
I15,NA,NA,HICP_Gas,NL,2006-04-01,248.93
I15,NA,NA,HICP_Gas,NL,2006-07-01,251.9
I15,NA,NA,HICP_Gas,NL,2006-10-01,252.11
I15,NA,NA,HICP_Gas,NL,2007-01-01,270.61
I15,NA,NA,HICP_Gas,NL,2007-04-01,270.63
I15,NA,NA,HICP_Gas,NL,2007-07-01,255.18
I15,NA,NA,HICP_Gas,NL,2007-10-01,255.09
I15,NA,NA,HICP_Gas,NL,2008-01-01,291
I15,NA,NA,HICP_Gas,NL,2008-04-01,292.21
I15,NA,NA,HICP_Gas,NL,2008-07-01,312.8
I15,NA,NA,HICP_Gas,NL,2008-10-01,312.1
I15,NA,NA,HICP_Gas,NL,2009-01-01,331.67
I15,NA,NA,HICP_Gas,NL,2009-04-01,325.90999999999997
I15,NA,NA,HICP_Gas,NL,2009-07-01,260.81
I15,NA,NA,HICP_Gas,NL,2009-10-01,260.27
I15,NA,NA,HICP_Gas,NL,2010-01-01,263.25
I15,NA,NA,HICP_Gas,NL,2010-04-01,262.51
I15,NA,NA,HICP_Gas,NL,2010-07-01,275.64
I15,NA,NA,HICP_Gas,NL,2010-10-01,276.44
I15,NA,NA,HICP_Gas,NL,2011-01-01,276.87
I15,NA,NA,HICP_Gas,NL,2011-04-01,282.12
I15,NA,NA,HICP_Gas,NL,2011-07-01,298.97
I15,NA,NA,HICP_Gas,NL,2011-10-01,300.02
I15,NA,NA,HICP_Gas,NL,2012-01-01,303.64
I15,NA,NA,HICP_Gas,NL,2012-04-01,306.48
I15,NA,NA,HICP_Gas,NL,2012-07-01,313.28
I15,NA,NA,HICP_Gas,NL,2012-10-01,317.9
I15,NA,NA,HICP_Gas,NL,2013-01-01,319.74
I15,NA,NA,HICP_Gas,NL,2013-04-01,318.6
I15,NA,NA,HICP_Gas,NL,2013-07-01,314.59000000000003
I15,NA,NA,HICP_Gas,NL,2013-10-01,314.17
I15,NA,NA,HICP_Gas,NL,2014-01-01,315.72
I15,NA,NA,HICP_Gas,NL,2014-04-01,313.91999999999996
I15,NA,NA,HICP_Gas,NL,2014-07-01,310.71
I15,NA,NA,HICP_Gas,NL,2014-10-01,311.13
I15,NA,NA,HICP_Gas,NL,2015-01-01,305.47
I15,NA,NA,HICP_Gas,NL,2015-04-01,304.38
I15,NA,NA,HICP_Gas,NL,2015-07-01,296.54
I15,NA,NA,HICP_Gas,NL,2015-10-01,293.61
I15,NA,NA,HICP_Gas,NL,2016-01-01,310.27
I15,NA,NA,HICP_Gas,NL,2016-04-01,305.34000000000003
I15,NA,NA,HICP_Gas,NL,2016-07-01,298.19
I15,NA,NA,HICP_Gas,NL,2016-10-01,298.22
I15,NA,NA,HICP_Gas,NL,2017-01-01,309.49
I15,NA,NA,HICP_Gas,NL,2017-04-01,308.67
I15,NA,NA,HICP_Gas,NL,2017-07-01,308.92
I15,NA,NA,HICP_Gas,NL,2017-10-01,310.07
I15,NA,NA,HICP_Gas,NL,2018-01-01,326.63
I15,NA,NA,HICP_Gas,NL,2018-04-01,325.96000000000004
I15,NA,NA,HICP_Gas,NL,2018-07-01,335.44
I15,NA,NA,HICP_Gas,NL,2018-10-01,341.6
I15,NA,NA,HICP_Gas,NL,2019-01-01,376.02
I15,NA,NA,HICP_Gas,NL,2019-04-01,372.11
I15,NA,NA,HICP_Gas,NL,2019-07-01,362.26
I15,NA,NA,HICP_Gas,NL,2019-10-01,360.65
I15,NA,NA,HICP_Gas,NL,2020-01-01,389
I15,NA,NA,HICP_Gas,NL,2020-04-01,379.46000000000004
I15,NA,NA,HICP_Gas,NL,2020-07-01,369.22
I15,NA,NA,HICP_Gas,NL,2020-10-01,371.59000000000003
I15,NA,NA,HICP_Gas,NL,2021-01-01,386.47
I15,NA,NA,HICP_Gas,NL,2021-04-01,393.63
I15,NA,NA,HICP_Gas,NL,2021-07-01,423.01
I15,NA,NA,HICP_Gas,NL,2021-10-01,557.7
I15,NA,NA,HICP_Gas,NL,2022-01-01,804.6
I15,NA,NA,HICP_Gas,NL,2022-04-01,830.03
I15,NA,NA,HICP_Gas,NL,2022-07-01,1151.43
I15,NA,NA,HICP_Gas,NL,2022-10-01,1143.1399999999999
I15,NA,NA,HICP_Gas,NL,2023-01-01,546.18
I15,NA,NA,HICP_Gas,NL,2023-04-01,519.49
NR,NA,NA,HDD,NL,1979-01-01,1619.16
NR,NA,NA,HDD,NL,1979-04-01,609.67
NR,NA,NA,HDD,NL,1979-07-01,238.94
NR,NA,NA,HDD,NL,1979-10-01,983.25
NR,NA,NA,HDD,NL,1980-01-01,1363.55
NR,NA,NA,HDD,NL,1980-04-01,595.61
NR,NA,NA,HDD,NL,1980-07-01,158.43
NR,NA,NA,HDD,NL,1980-10-01,1112.19
NR,NA,NA,HDD,NL,1981-01-01,1256.1
NR,NA,NA,HDD,NL,1981-04-01,534.28
NR,NA,NA,HDD,NL,1981-07-01,143.45000000000002
NR,NA,NA,HDD,NL,1981-10-01,1212.53
NR,NA,NA,HDD,NL,1982-01-01,1356.19
NR,NA,NA,HDD,NL,1982-04-01,541.5699999999999
NR,NA,NA,HDD,NL,1982-07-01,88.44999999999999
NR,NA,NA,HDD,NL,1982-10-01,963.09
NR,NA,NA,HDD,NL,1983-01-01,1248.12
NR,NA,NA,HDD,NL,1983-04-01,566.55
NR,NA,NA,HDD,NL,1983-07-01,122.66
NR,NA,NA,HDD,NL,1983-10-01,1035.2
NR,NA,NA,HDD,NL,1984-01-01,1353.85
NR,NA,NA,HDD,NL,1984-04-01,681.78
NR,NA,NA,HDD,NL,1984-07-01,207.22
NR,NA,NA,HDD,NL,1984-10-01,925.38
NR,NA,NA,HDD,NL,1985-01-01,1614.56
NR,NA,NA,HDD,NL,1985-04-01,564.3000000000001
NR,NA,NA,HDD,NL,1985-07-01,165.73999999999998
NR,NA,NA,HDD,NL,1985-10-01,1071.51
NR,NA,NA,HDD,NL,1986-01-01,1534.85
NR,NA,NA,HDD,NL,1986-04-01,582.42
NR,NA,NA,HDD,NL,1986-07-01,299.76
NR,NA,NA,HDD,NL,1986-10-01,913.65
NR,NA,NA,HDD,NL,1987-01-01,1601.96
NR,NA,NA,HDD,NL,1987-04-01,623.54
NR,NA,NA,HDD,NL,1987-07-01,175.23
NR,NA,NA,HDD,NL,1987-10-01,981.2
NR,NA,NA,HDD,NL,1988-01-01,1180.55
NR,NA,NA,HDD,NL,1988-04-01,488.70000000000005
NR,NA,NA,HDD,NL,1988-07-01,158.37
NR,NA,NA,HDD,NL,1988-10-01,944.5
NR,NA,NA,HDD,NL,1989-01-01,1070.66
NR,NA,NA,HDD,NL,1989-04-01,510.25
NR,NA,NA,HDD,NL,1989-07-01,87.59
NR,NA,NA,HDD,NL,1989-10-01,951.55
NR,NA,NA,HDD,NL,1990-01-01,983.9000000000001
NR,NA,NA,HDD,NL,1990-04-01,458.68
NR,NA,NA,HDD,NL,1990-07-01,183.48
NR,NA,NA,HDD,NL,1990-10-01,956
NR,NA,NA,HDD,NL,1991-01-01,1260.46
NR,NA,NA,HDD,NL,1991-04-01,657.46
NR,NA,NA,HDD,NL,1991-07-01,55.65
NR,NA,NA,HDD,NL,1991-10-01,1049.23
NR,NA,NA,HDD,NL,1992-01-01,1187.2
NR,NA,NA,HDD,NL,1992-04-01,405.06
NR,NA,NA,HDD,NL,1992-07-01,81.31
NR,NA,NA,HDD,NL,1992-10-01,1044.45
NR,NA,NA,HDD,NL,1993-01-01,1229.85
NR,NA,NA,HDD,NL,1993-04-01,373.98
NR,NA,NA,HDD,NL,1993-07-01,224.85999999999999
NR,NA,NA,HDD,NL,1993-10-01,1138.72
NR,NA,NA,HDD,NL,1994-01-01,1211.36
NR,NA,NA,HDD,NL,1994-04-01,523.01
NR,NA,NA,HDD,NL,1994-07-01,119.32
NR,NA,NA,HDD,NL,1994-10-01,891.56
NR,NA,NA,HDD,NL,1995-01-01,1162.3
NR,NA,NA,HDD,NL,1995-04-01,524.55
NR,NA,NA,HDD,NL,1995-07-01,92.89
NR,NA,NA,HDD,NL,1995-10-01,1043.1
NR,NA,NA,HDD,NL,1996-01-01,1544.49
NR,NA,NA,HDD,NL,1996-04-01,580.98
NR,NA,NA,HDD,NL,1996-07-01,210.32
NR,NA,NA,HDD,NL,1996-10-01,1116.85
NR,NA,NA,HDD,NL,1997-01-01,1243.87
NR,NA,NA,HDD,NL,1997-04-01,537.48
NR,NA,NA,HDD,NL,1997-07-01,92.1
NR,NA,NA,HDD,NL,1997-10-01,997.67
NR,NA,NA,HDD,NL,1998-01-01,1054.7
NR,NA,NA,HDD,NL,1998-04-01,395.38
NR,NA,NA,HDD,NL,1998-07-01,129.21
NR,NA,NA,HDD,NL,1998-10-01,1083.63
NR,NA,NA,HDD,NL,1999-01-01,1144.27
NR,NA,NA,HDD,NL,1999-04-01,427.57
NR,NA,NA,HDD,NL,1999-07-01,26.779999999999998
NR,NA,NA,HDD,NL,1999-10-01,953.23
NR,NA,NA,HDD,NL,2000-01-01,1110.26
NR,NA,NA,HDD,NL,2000-04-01,408.73
NR,NA,NA,HDD,NL,2000-07-01,92.98
NR,NA,NA,HDD,NL,2000-10-01,884.51
NR,NA,NA,HDD,NL,2001-01-01,1250.91
NR,NA,NA,HDD,NL,2001-04-01,493.46999999999997
NR,NA,NA,HDD,NL,2001-07-01,125.96000000000001
NR,NA,NA,HDD,NL,2001-10-01,858.5
NR,NA,NA,HDD,NL,2002-01-01,1064.01
NR,NA,NA,HDD,NL,2002-04-01,420.05
NR,NA,NA,HDD,NL,2002-07-01,79.32
NR,NA,NA,HDD,NL,2002-10-01,1031.51
NR,NA,NA,HDD,NL,2003-01-01,1253.68
NR,NA,NA,HDD,NL,2003-04-01,382.65
NR,NA,NA,HDD,NL,2003-07-01,97.05
NR,NA,NA,HDD,NL,2003-10-01,1028.79
NR,NA,NA,HDD,NL,2004-01-01,1212.55
NR,NA,NA,HDD,NL,2004-04-01,463.13
NR,NA,NA,HDD,NL,2004-07-01,100.67
NR,NA,NA,HDD,NL,2004-10-01,995.72
NR,NA,NA,HDD,NL,2005-01-01,1205.33
NR,NA,NA,HDD,NL,2005-04-01,476.13
NR,NA,NA,HDD,NL,2005-07-01,103.61
NR,NA,NA,HDD,NL,2005-10-01,865.11
NR,NA,NA,HDD,NL,2006-01-01,1378.73
NR,NA,NA,HDD,NL,2006-04-01,442.02
NR,NA,NA,HDD,NL,2006-07-01,32.16
NR,NA,NA,HDD,NL,2006-10-01,713.6
NR,NA,NA,HDD,NL,2007-01-01,992.11
NR,NA,NA,HDD,NL,2007-04-01,286.87
NR,NA,NA,HDD,NL,2007-07-01,133.01
NR,NA,NA,HDD,NL,2007-10-01,1012.78
NR,NA,NA,HDD,NL,2008-01-01,1111.8899999999999
NR,NA,NA,HDD,NL,2008-04-01,405.31
NR,NA,NA,HDD,NL,2008-07-01,133.26999999999998
NR,NA,NA,HDD,NL,2008-10-01,1046.85
NR,NA,NA,HDD,NL,2009-01-01,1316.41
NR,NA,NA,HDD,NL,2009-04-01,374.25
NR,NA,NA,HDD,NL,2009-07-01,64.92
NR,NA,NA,HDD,NL,2009-10-01,971.56
NR,NA,NA,HDD,NL,2010-01-01,1420.8899999999999
NR,NA,NA,HDD,NL,2010-04-01,556.31
NR,NA,NA,HDD,NL,2010-07-01,135.13
NR,NA,NA,HDD,NL,2010-10-01,1199.3799999999999
NR,NA,NA,HDD,NL,2011-01-01,1213.9
NR,NA,NA,HDD,NL,2011-04-01,319.71000000000004
NR,NA,NA,HDD,NL,2011-07-01,110.45
NR,NA,NA,HDD,NL,2011-10-01,872.51
NR,NA,NA,HDD,NL,2012-01-01,1230.5
NR,NA,NA,HDD,NL,2012-04-01,490.83
NR,NA,NA,HDD,NL,2012-07-01,127.88000000000001
NR,NA,NA,HDD,NL,2012-10-01,967.9200000000001
NR,NA,NA,HDD,NL,2013-01-01,1451.69
NR,NA,NA,HDD,NL,2013-04-01,576.5
NR,NA,NA,HDD,NL,2013-07-01,111
NR,NA,NA,HDD,NL,2013-10-01,873.77
NR,NA,NA,HDD,NL,2014-01-01,1012.66
NR,NA,NA,HDD,NL,2014-04-01,366.21
NR,NA,NA,HDD,NL,2014-07-01,89.74
NR,NA,NA,HDD,NL,2014-10-01,813.47
NR,NA,NA,HDD,NL,2015-01-01,1209
NR,NA,NA,HDD,NL,2015-04-01,531.0600000000001
NR,NA,NA,HDD,NL,2015-07-01,136.44
NR,NA,NA,HDD,NL,2015-10-01,748.99
NR,NA,NA,HDD,NL,2016-01-01,1204.99
NR,NA,NA,HDD,NL,2016-04-01,413.58
NR,NA,NA,HDD,NL,2016-07-01,43.5
NR,NA,NA,HDD,NL,2016-10-01,1017.79
NR,NA,NA,HDD,NL,2017-01-01,1166.74
NR,NA,NA,HDD,NL,2017-04-01,400.37
NR,NA,NA,HDD,NL,2017-07-01,106.85
NR,NA,NA,HDD,NL,2017-10-01,865.02
NR,NA,NA,HDD,NL,2018-01-01,1291.0700000000002
NR,NA,NA,HDD,NL,2018-04-01,266.71000000000004
NR,NA,NA,HDD,NL,2018-07-01,93.52
NR,NA,NA,HDD,NL,2018-10-01,877.34
NR,NA,NA,HDD,NL,2019-01-01,1092.6
NR,NA,NA,HDD,NL,2019-04-01,420
NR,NA,NA,HDD,NL,2019-07-01,93.53
NR,NA,NA,HDD,NL,2019-10-01,908.28
NR,NA,NA,HDD,NL,2020-01-01,1038.3400000000001
NR,NA,NA,HDD,NL,2020-04-01,397.53000000000003
NR,NA,NA,HDD,NL,2020-07-01,95.72999999999999
NR,NA,NA,HDD,NL,2020-10-01,854.71
NR,NA,NA,HDD,NL,2021-01-01,1205.69
NR,NA,NA,HDD,NL,2021-04-01,571.66
NR,NA,NA,HDD,NL,2021-07-01,46.01
NR,NA,NA,HDD,NL,2021-10-01,898.83
NR,NA,NA,HDD,NL,2022-01-01,1043.91
NR,NA,NA,HDD,NL,2022-04-01,419.26
NR,NA,NA,HDD,NL,2022-07-01,100.64999999999999
NR,NA,NA,HDD,NL,2022-10-01,831.98
NA,NA,NA,EmiCH4Livestock,NL,2000-01-01,121.250136285
NA,NA,NA,EmiCH4Livestock,NL,2000-04-01,121.250136285
NA,NA,NA,EmiCH4Livestock,NL,2000-07-01,121.250136285
NA,NA,NA,EmiCH4Livestock,NL,2000-10-01,121.250136285
NA,NA,NA,EmiCH4Livestock,NL,2001-01-01,119.120202790002
NA,NA,NA,EmiCH4Livestock,NL,2001-04-01,119.120202790002
NA,NA,NA,EmiCH4Livestock,NL,2001-07-01,119.120202790002
NA,NA,NA,EmiCH4Livestock,NL,2001-10-01,119.120202790002
NA,NA,NA,EmiCH4Livestock,NL,2002-01-01,114.00976612999798
NA,NA,NA,EmiCH4Livestock,NL,2002-04-01,114.00976612999798
NA,NA,NA,EmiCH4Livestock,NL,2002-07-01,114.00976612999798
NA,NA,NA,EmiCH4Livestock,NL,2002-10-01,114.00976612999798
NA,NA,NA,EmiCH4Livestock,NL,2003-01-01,111.19126450499999
NA,NA,NA,EmiCH4Livestock,NL,2003-04-01,111.19126450499999
NA,NA,NA,EmiCH4Livestock,NL,2003-07-01,111.19126450499999
NA,NA,NA,EmiCH4Livestock,NL,2003-10-01,111.19126450499999
NA,NA,NA,EmiCH4Livestock,NL,2004-01-01,110.38150120000199
NA,NA,NA,EmiCH4Livestock,NL,2004-04-01,110.38150120000199
NA,NA,NA,EmiCH4Livestock,NL,2004-07-01,110.38150120000199
NA,NA,NA,EmiCH4Livestock,NL,2004-10-01,110.38150120000199
NA,NA,NA,EmiCH4Livestock,NL,2005-01-01,110.818635939999
NA,NA,NA,EmiCH4Livestock,NL,2005-04-01,110.818635939999
NA,NA,NA,EmiCH4Livestock,NL,2005-07-01,110.818635939999
NA,NA,NA,EmiCH4Livestock,NL,2005-10-01,110.818635939999
NA,NA,NA,EmiCH4Livestock,NL,2006-01-01,108.242432645001
NA,NA,NA,EmiCH4Livestock,NL,2006-04-01,108.242432645001
NA,NA,NA,EmiCH4Livestock,NL,2006-07-01,108.242432645001
NA,NA,NA,EmiCH4Livestock,NL,2006-10-01,108.242432645001
NA,NA,NA,EmiCH4Livestock,NL,2007-01-01,109.670657985
NA,NA,NA,EmiCH4Livestock,NL,2007-04-01,109.670657985
NA,NA,NA,EmiCH4Livestock,NL,2007-07-01,109.670657985
NA,NA,NA,EmiCH4Livestock,NL,2007-10-01,109.670657985
NA,NA,NA,EmiCH4Livestock,NL,2008-01-01,114.351132500001
NA,NA,NA,EmiCH4Livestock,NL,2008-04-01,114.351132500001
NA,NA,NA,EmiCH4Livestock,NL,2008-07-01,114.351132500001
NA,NA,NA,EmiCH4Livestock,NL,2008-10-01,114.351132500001
NA,NA,NA,EmiCH4Livestock,NL,2009-01-01,115.61924902500002
NA,NA,NA,EmiCH4Livestock,NL,2009-04-01,115.61924902500002
NA,NA,NA,EmiCH4Livestock,NL,2009-07-01,115.61924902500002
NA,NA,NA,EmiCH4Livestock,NL,2009-10-01,115.61924902500002
NA,NA,NA,EmiCH4Livestock,NL,2010-01-01,115.786312224999
NA,NA,NA,EmiCH4Livestock,NL,2010-04-01,115.786312224999
NA,NA,NA,EmiCH4Livestock,NL,2010-07-01,115.786312224999
NA,NA,NA,EmiCH4Livestock,NL,2010-10-01,115.786312224999
NA,NA,NA,EmiCH4Livestock,NL,2011-01-01,115.514357274999
NA,NA,NA,EmiCH4Livestock,NL,2011-04-01,115.514357274999
NA,NA,NA,EmiCH4Livestock,NL,2011-07-01,115.514357274999
NA,NA,NA,EmiCH4Livestock,NL,2011-10-01,115.514357274999
NA,NA,NA,EmiCH4Livestock,NL,2012-01-01,114.233024199999
NA,NA,NA,EmiCH4Livestock,NL,2012-04-01,114.233024199999
NA,NA,NA,EmiCH4Livestock,NL,2012-07-01,114.233024199999
NA,NA,NA,EmiCH4Livestock,NL,2012-10-01,114.233024199999
NA,NA,NA,EmiCH4Livestock,NL,2013-01-01,116.01580537500001
NA,NA,NA,EmiCH4Livestock,NL,2013-04-01,116.01580537500001
NA,NA,NA,EmiCH4Livestock,NL,2013-07-01,116.01580537500001
NA,NA,NA,EmiCH4Livestock,NL,2013-10-01,116.01580537500001
NA,NA,NA,EmiCH4Livestock,NL,2014-01-01,119.65063812499801
NA,NA,NA,EmiCH4Livestock,NL,2014-04-01,119.65063812499801
NA,NA,NA,EmiCH4Livestock,NL,2014-07-01,119.65063812499801
NA,NA,NA,EmiCH4Livestock,NL,2014-10-01,119.65063812499801
NA,NA,NA,EmiCH4Livestock,NL,2015-01-01,125.330040215001
NA,NA,NA,EmiCH4Livestock,NL,2015-04-01,125.330040215001
NA,NA,NA,EmiCH4Livestock,NL,2015-07-01,125.330040215001
NA,NA,NA,EmiCH4Livestock,NL,2015-10-01,125.330040215001
NA,NA,NA,EmiCH4Livestock,NL,2016-01-01,126.451091079999
NA,NA,NA,EmiCH4Livestock,NL,2016-04-01,126.451091079999
NA,NA,NA,EmiCH4Livestock,NL,2016-07-01,126.451091079999
NA,NA,NA,EmiCH4Livestock,NL,2016-10-01,126.451091079999
NA,NA,NA,EmiCH4Livestock,NL,2017-01-01,119.87892140000099
NA,NA,NA,EmiCH4Livestock,NL,2017-04-01,119.87892140000099
NA,NA,NA,EmiCH4Livestock,NL,2017-07-01,119.87892140000099
NA,NA,NA,EmiCH4Livestock,NL,2017-10-01,119.87892140000099
NA,NA,NA,EmiCH4Livestock,NL,2018-01-01,112.22932294000199
NA,NA,NA,EmiCH4Livestock,NL,2018-04-01,112.22932294000199
NA,NA,NA,EmiCH4Livestock,NL,2018-07-01,112.22932294000199
NA,NA,NA,EmiCH4Livestock,NL,2018-10-01,112.22932294000199
NA,NA,NA,EmiCH4Livestock,NL,2019-01-01,113.511827995092
NA,NA,NA,EmiCH4Livestock,NL,2019-04-01,113.511827995092
NA,NA,NA,EmiCH4Livestock,NL,2019-07-01,113.511827995092
NA,NA,NA,EmiCH4Livestock,NL,2019-10-01,113.511827995092
NA,NA,NA,EmiCH4Livestock,NL,2020-01-01,112.14670717630801
NA,NA,NA,EmiCH4Livestock,NL,2020-04-01,112.14670717630801
NA,NA,NA,EmiCH4Livestock,NL,2020-07-01,112.14670717630801
NA,NA,NA,EmiCH4Livestock,NL,2020-10-01,112.14670717630801
NA,NA,NA,EmiCH4Livestock,NL,2021-01-01,110.836578806886
NA,NA,NA,EmiCH4Livestock,NL,2021-04-01,110.836578806886
NA,NA,NA,EmiCH4Livestock,NL,2021-07-01,110.836578806886
NA,NA,NA,EmiCH4Livestock,NL,2021-10-01,110.836578806886
NA,NA,NA,EmiCO2Industry,NL,2000-01-01,3920.9399094670753
NA,NA,NA,EmiCO2Industry,NL,2000-04-01,3582.8563114462313
NA,NA,NA,EmiCO2Industry,NL,2000-07-01,3098.229062050382
NA,NA,NA,EmiCO2Industry,NL,2000-10-01,3706.217435566085
NA,NA,NA,EmiCO2Industry,NL,2001-01-01,3830.7373005143636
NA,NA,NA,EmiCO2Industry,NL,2001-04-01,3502.149908921424
NA,NA,NA,EmiCO2Industry,NL,2001-07-01,3029.891542038225
NA,NA,NA,EmiCO2Industry,NL,2001-10-01,3621.187657516013
NA,NA,NA,EmiCO2Industry,NL,2002-01-01,3887.68598608327
NA,NA,NA,EmiCO2Industry,NL,2002-04-01,3556.932796425058
NA,NA,NA,EmiCO2Industry,NL,2002-07-01,3079.514461622951
NA,NA,NA,EmiCO2Industry,NL,2002-10-01,3676.5162825707994
NA,NA,NA,EmiCO2Industry,NL,2003-01-01,3675.248005382048
NA,NA,NA,EmiCO2Industry,NL,2003-04-01,3354.471497002085
NA,NA,NA,EmiCO2Industry,NL,2003-07-01,2898.117740238064
NA,NA,NA,EmiCO2Industry,NL,2003-10-01,3471.330394024178
NA,NA,NA,EmiCO2Industry,NL,2004-01-01,3866.923522895083
NA,NA,NA,EmiCO2Industry,NL,2004-04-01,3527.7264028142126
NA,NA,NA,EmiCO2Industry,NL,2004-07-01,3046.6823894799572
NA,NA,NA,EmiCO2Industry,NL,2004-10-01,3651.950193515797
NA,NA,NA,EmiCO2Industry,NL,2005-01-01,3749.564192318701
NA,NA,NA,EmiCO2Industry,NL,2005-04-01,3422.807347638001
NA,NA,NA,EmiCO2Industry,NL,2005-07-01,2958.744473498253
NA,NA,NA,EmiCO2Industry,NL,2005-10-01,3542.670561562276
NA,NA,NA,EmiCO2Industry,NL,2006-01-01,3713.6787185452213
NA,NA,NA,EmiCO2Industry,NL,2006-04-01,3396.021693775442
NA,NA,NA,EmiCO2Industry,NL,2006-07-01,2940.88352990463
NA,NA,NA,EmiCO2Industry,NL,2006-10-01,3512.272412055665
NA,NA,NA,EmiCO2Industry,NL,2007-01-01,3798.673204250124
NA,NA,NA,EmiCO2Industry,NL,2007-04-01,3478.386934188929
NA,NA,NA,EmiCO2Industry,NL,2007-07-01,3014.6170923072077
NA,NA,NA,EmiCO2Industry,NL,2007-10-01,3594.058578407753
NA,NA,NA,EmiCO2Industry,NL,2008-01-01,3916.685640772188
NA,NA,NA,EmiCO2Industry,NL,2008-04-01,3594.965756826752
NA,NA,NA,EmiCO2Industry,NL,2008-07-01,3122.808331676186
NA,NA,NA,EmiCO2Industry,NL,2008-10-01,3710.382215260308
NA,NA,NA,EmiCO2Industry,NL,2009-01-01,3834.3186241398453
NA,NA,NA,EmiCO2Industry,NL,2009-04-01,3521.156917170642
NA,NA,NA,EmiCO2Industry,NL,2009-07-01,3060.745281960148
NA,NA,NA,EmiCO2Industry,NL,2009-10-01,3633.378365426044
NA,NA,NA,EmiCO2Industry,NL,2010-01-01,4032.059032580639
NA,NA,NA,EmiCO2Industry,NL,2010-04-01,3697.590912988945
NA,NA,NA,EmiCO2Industry,NL,2010-07-01,3214.613878776644
NA,NA,NA,EmiCO2Industry,NL,2010-10-01,3821.057996384381
NA,NA,NA,EmiCO2Industry,NL,2011-01-01,4030.2654922737383
NA,NA,NA,EmiCO2Industry,NL,2011-04-01,3688.484957875774
NA,NA,NA,EmiCO2Industry,NL,2011-07-01,3198.4336068529
NA,NA,NA,EmiCO2Industry,NL,2011-10-01,3813.770764101664
NA,NA,NA,EmiCO2Industry,NL,2012-01-01,3688.5812511829918
NA,NA,NA,EmiCO2Industry,NL,2012-04-01,3383.060418394314
NA,NA,NA,EmiCO2Industry,NL,2012-07-01,2938.240819980641
NA,NA,NA,EmiCO2Industry,NL,2012-10-01,3493.890200422727
NA,NA,NA,EmiCO2Industry,NL,2013-01-01,3494.703636282938
NA,NA,NA,EmiCO2Industry,NL,2013-04-01,3201.650525462995
NA,NA,NA,EmiCO2Industry,NL,2013-07-01,2778.628973042978
NA,NA,NA,EmiCO2Industry,NL,2013-10-01,3309.3079284794894
NA,NA,NA,EmiCO2Industry,NL,2014-01-01,3409.363106017981
NA,NA,NA,EmiCO2Industry,NL,2014-04-01,3120.981804474386
NA,NA,NA,EmiCO2Industry,NL,2014-07-01,2707.17735179772
NA,NA,NA,EmiCO2Industry,NL,2014-10-01,3227.250266209206
NA,NA,NA,EmiCO2Industry,NL,2015-01-01,3272.618506612912
NA,NA,NA,EmiCO2Industry,NL,2015-04-01,2998.329343609741
NA,NA,NA,EmiCO2Industry,NL,2015-07-01,2599.9069661734884
NA,NA,NA,EmiCO2Industry,NL,2015-10-01,3097.3980249805027
NA,NA,NA,EmiCO2Industry,NL,2016-01-01,3401.541267815449
NA,NA,NA,EmiCO2Industry,NL,2016-04-01,3111.044728973793
NA,NA,NA,EmiCO2Industry,NL,2016-07-01,2692.8256779695503
NA,NA,NA,EmiCO2Industry,NL,2016-10-01,3216.163887861117
NA,NA,NA,EmiCO2Industry,NL,2017-01-01,3488.705063317431
NA,NA,NA,EmiCO2Industry,NL,2017-04-01,3188.6004153105287
NA,NA,NA,EmiCO2Industry,NL,2017-07-01,2758.8769231527276
NA,NA,NA,EmiCO2Industry,NL,2017-10-01,3297.955237289022
NA,NA,NA,EmiCO2Industry,NL,2018-01-01,3328.125112321929
NA,NA,NA,EmiCO2Industry,NL,2018-04-01,3043.0914802412226
NA,NA,NA,EmiCO2Industry,NL,2018-07-01,2635.2544186394325
NA,NA,NA,EmiCO2Industry,NL,2018-10-01,3147.764539859743
NA,NA,NA,EmiCO2Industry,NL,2019-01-01,3222.135340078132
NA,NA,NA,EmiCO2Industry,NL,2019-04-01,2949.7005629791574
NA,NA,NA,EmiCO2Industry,NL,2019-07-01,2555.9520689855103
NA,NA,NA,EmiCO2Industry,NL,2019-10-01,3048.6030454724405
NA,NA,NA,EmiCO2Industry,NL,2020-01-01,3023.8397600353182
NA,NA,NA,EmiCO2Industry,NL,2020-04-01,2768.859041260863
NA,NA,NA,EmiCO2Industry,NL,2020-07-01,2399.403536980165
NA,NA,NA,EmiCO2Industry,NL,2020-10-01,2861.118143037071
NA,NA,NA,EmiCO2Industry,NL,2021-01-01,2969.2929211088262
NA,NA,NA,EmiCO2Industry,NL,2021-04-01,2718.997012627716
NA,NA,NA,EmiCO2Industry,NL,2021-07-01,2356.1983200960503
NA,NA,NA,EmiCO2Industry,NL,2021-10-01,2809.4284117633897
NA,NA,NA,EmiCO2Combustion,NL,2000-01-01,49870.79600720112
NA,NA,NA,EmiCO2Combustion,NL,2000-04-01,37561.090270365166
NA,NA,NA,EmiCO2Combustion,NL,2000-07-01,34605.769533123064
NA,NA,NA,EmiCO2Combustion,NL,2000-10-01,44586.47892703618
NA,NA,NA,EmiCO2Combustion,NL,2001-01-01,51723.63130347265
NA,NA,NA,EmiCO2Combustion,NL,2001-04-01,39166.0906091987
NA,NA,NA,EmiCO2Combustion,NL,2001-07-01,36111.490903431346
NA,NA,NA,EmiCO2Combustion,NL,2001-10-01,44898.777310153564
NA,NA,NA,EmiCO2Combustion,NL,2002-01-01,49923.39833197336
NA,NA,NA,EmiCO2Combustion,NL,2002-04-01,39391.26899932731
NA,NA,NA,EmiCO2Combustion,NL,2002-07-01,35921.14184289348
NA,NA,NA,EmiCO2Combustion,NL,2002-10-01,47484.08409179259
NA,NA,NA,EmiCO2Combustion,NL,2003-01-01,52224.19721955193
NA,NA,NA,EmiCO2Combustion,NL,2003-04-01,39494.26719306134
NA,NA,NA,EmiCO2Combustion,NL,2003-07-01,36446.00015051583
NA,NA,NA,EmiCO2Combustion,NL,2003-10-01,47316.01781343017
NA,NA,NA,EmiCO2Combustion,NL,2004-01-01,52673.747304785385
NA,NA,NA,EmiCO2Combustion,NL,2004-04-01,40492.95300421232
NA,NA,NA,EmiCO2Combustion,NL,2004-07-01,37241.82728374492
NA,NA,NA,EmiCO2Combustion,NL,2004-10-01,47677.58946249269
NA,NA,NA,EmiCO2Combustion,NL,2005-01-01,52353.1994490457
NA,NA,NA,EmiCO2Combustion,NL,2005-04-01,39951.62438603186
NA,NA,NA,EmiCO2Combustion,NL,2005-07-01,36652.86970274057
NA,NA,NA,EmiCO2Combustion,NL,2005-10-01,46616.67086171399
NA,NA,NA,EmiCO2Combustion,NL,2006-01-01,53944.956510680604
NA,NA,NA,EmiCO2Combustion,NL,2006-04-01,38698.02065252888
NA,NA,NA,EmiCO2Combustion,NL,2006-07-01,35659.742597762306
NA,NA,NA,EmiCO2Combustion,NL,2006-10-01,43247.98193022804
NA,NA,NA,EmiCO2Combustion,NL,2007-01-01,49278.865262678075
NA,NA,NA,EmiCO2Combustion,NL,2007-04-01,38479.48781592604
NA,NA,NA,EmiCO2Combustion,NL,2007-07-01,36762.70346472078
NA,NA,NA,EmiCO2Combustion,NL,2007-10-01,47945.767091980975
NA,NA,NA,EmiCO2Combustion,NL,2008-01-01,50345.93503140072
NA,NA,NA,EmiCO2Combustion,NL,2008-04-01,39521.60793101802
NA,NA,NA,EmiCO2Combustion,NL,2008-07-01,36995.94376940466
NA,NA,NA,EmiCO2Combustion,NL,2008-10-01,47544.3991402233
NA,NA,NA,EmiCO2Combustion,NL,2009-01-01,51948.831367749335
NA,NA,NA,EmiCO2Combustion,NL,2009-04-01,37262.692453638
NA,NA,NA,EmiCO2Combustion,NL,2009-07-01,35819.79099519753
NA,NA,NA,EmiCO2Combustion,NL,2009-10-01,45885.54764811869
NA,NA,NA,EmiCO2Combustion,NL,2010-01-01,54003.54119398177
NA,NA,NA,EmiCO2Combustion,NL,2010-04-01,41113.61005660916
NA,NA,NA,EmiCO2Combustion,NL,2010-07-01,37692.61873592619
NA,NA,NA,EmiCO2Combustion,NL,2010-10-01,49093.35956808541
NA,NA,NA,EmiCO2Combustion,NL,2011-01-01,51245.53065508913
NA,NA,NA,EmiCO2Combustion,NL,2011-04-01,37618.98970621743
NA,NA,NA,EmiCO2Combustion,NL,2011-07-01,35932.90604129034
NA,NA,NA,EmiCO2Combustion,NL,2011-10-01,45028.95196783471
NA,NA,NA,EmiCO2Combustion,NL,2012-01-01,50094.744310513066
NA,NA,NA,EmiCO2Combustion,NL,2012-04-01,38554.8516905099
NA,NA,NA,EmiCO2Combustion,NL,2012-07-01,35508.930930371615
NA,NA,NA,EmiCO2Combustion,NL,2012-10-01,44733.363936049354
NA,NA,NA,EmiCO2Combustion,NL,2013-01-01,52490.24664118396
NA,NA,NA,EmiCO2Combustion,NL,2013-04-01,37855.600347888016
NA,NA,NA,EmiCO2Combustion,NL,2013-07-01,34249.63710392258
NA,NA,NA,EmiCO2Combustion,NL,2013-10-01,43025.91293818668
NA,NA,NA,EmiCO2Combustion,NL,2014-01-01,46557.87170715621
NA,NA,NA,EmiCO2Combustion,NL,2014-04-01,35939.182578394
NA,NA,NA,EmiCO2Combustion,NL,2014-07-01,33755.70168763949
NA,NA,NA,EmiCO2Combustion,NL,2014-10-01,43719.473946978214
NA,NA,NA,EmiCO2Combustion,NL,2015-01-01,50569.537196442485
NA,NA,NA,EmiCO2Combustion,NL,2015-04-01,38511.93781138667
NA,NA,NA,EmiCO2Combustion,NL,2015-07-01,35934.432327455026
NA,NA,NA,EmiCO2Combustion,NL,2015-10-01,43095.61079770961
NA,NA,NA,EmiCO2Combustion,NL,2016-01-01,48142.65300353592
NA,NA,NA,EmiCO2Combustion,NL,2016-04-01,37741.23636703202
NA,NA,NA,EmiCO2Combustion,NL,2016-07-01,35071.87405520206
NA,NA,NA,EmiCO2Combustion,NL,2016-10-01,48283.26595728424
NA,NA,NA,EmiCO2Combustion,NL,2017-01-01,49348.488649887666
NA,NA,NA,EmiCO2Combustion,NL,2017-04-01,37912.05349317949
NA,NA,NA,EmiCO2Combustion,NL,2017-07-01,33745.35157020588
NA,NA,NA,EmiCO2Combustion,NL,2017-10-01,45590.06927235384
NA,NA,NA,EmiCO2Combustion,NL,2018-01-01,48616.00964854737
NA,NA,NA,EmiCO2Combustion,NL,2018-04-01,36308.82944314638
NA,NA,NA,EmiCO2Combustion,NL,2018-07-01,33258.697200761555
NA,NA,NA,EmiCO2Combustion,NL,2018-10-01,44442.0910772835
NA,NA,NA,EmiCO2Combustion,NL,2019-01-01,46834.37696381539
NA,NA,NA,EmiCO2Combustion,NL,2019-04-01,36453.528129572194
NA,NA,NA,EmiCO2Combustion,NL,2019-07-01,32461.632408744532
NA,NA,NA,EmiCO2Combustion,NL,2019-10-01,43853.261060465775
NA,NA,NA,EmiCO2Combustion,NL,2020-01-01,42644.88149620923
NA,NA,NA,EmiCO2Combustion,NL,2020-04-01,33041.38712053725
NA,NA,NA,EmiCO2Combustion,NL,2020-07-01,29325.91101787686
NA,NA,NA,EmiCO2Combustion,NL,2020-10-01,39902.130982562405
NA,NA,NA,EmiCO2Combustion,NL,2021-01-01,43537.626183031156
NA,NA,NA,EmiCO2Combustion,NL,2021-04-01,33791.589384633684
NA,NA,NA,EmiCO2Combustion,NL,2021-07-01,30125.750517984037
NA,NA,NA,EmiCO2Combustion,NL,2021-10-01,40866.45802732364
NA,NA,NA,EmiN2OTotal,NL,2000-01-01,11.5295939365416
NA,NA,NA,EmiN2OTotal,NL,2000-04-01,11.3892559183047
NA,NA,NA,EmiN2OTotal,NL,2000-07-01,11.35625970953
NA,NA,NA,EmiN2OTotal,NL,2000-10-01,11.4865920381258
NA,NA,NA,EmiN2OTotal,NL,2001-01-01,11.1255639009726
NA,NA,NA,EmiN2OTotal,NL,2001-04-01,10.9881214627047
NA,NA,NA,EmiN2OTotal,NL,2001-07-01,10.9554289045648
NA,NA,NA,EmiN2OTotal,NL,2001-10-01,11.0687992693662
NA,NA,NA,EmiN2OTotal,NL,2002-01-01,10.9197170803453
NA,NA,NA,EmiN2OTotal,NL,2002-04-01,10.8104498461163
NA,NA,NA,EmiN2OTotal,NL,2002-07-01,10.7711585123712
NA,NA,NA,EmiN2OTotal,NL,2002-10-01,10.9182136163032
NA,NA,NA,EmiN2OTotal,NL,2003-01-01,12.0237488976764
NA,NA,NA,EmiN2OTotal,NL,2003-04-01,11.8834505212042
NA,NA,NA,EmiN2OTotal,NL,2003-07-01,11.8511016939295
NA,NA,NA,EmiN2OTotal,NL,2003-10-01,11.9918057846353
NA,NA,NA,EmiN2OTotal,NL,2004-01-01,12.1660361245928
NA,NA,NA,EmiN2OTotal,NL,2004-04-01,12.0379016664584
NA,NA,NA,EmiN2OTotal,NL,2004-07-01,12.003580272988401
NA,NA,NA,EmiN2OTotal,NL,2004-10-01,12.1303934791409
NA,NA,NA,EmiN2OTotal,NL,2005-01-01,12.3271293969838
NA,NA,NA,EmiN2OTotal,NL,2005-04-01,12.1849644393155
NA,NA,NA,EmiN2OTotal,NL,2005-07-01,12.1470524592421
NA,NA,NA,EmiN2OTotal,NL,2005-10-01,12.2756282685474
NA,NA,NA,EmiN2OTotal,NL,2006-01-01,14.2081317114055
NA,NA,NA,EmiN2OTotal,NL,2006-04-01,14.0196732854826
NA,NA,NA,EmiN2OTotal,NL,2006-07-01,13.9859129815107
NA,NA,NA,EmiN2OTotal,NL,2006-10-01,14.0813004658044
NA,NA,NA,EmiN2OTotal,NL,2007-01-01,13.4049800258577
NA,NA,NA,EmiN2OTotal,NL,2007-04-01,13.271311427918
NA,NA,NA,EmiN2OTotal,NL,2007-07-01,13.2554189220232
NA,NA,NA,EmiN2OTotal,NL,2007-10-01,13.4218014567718
NA,NA,NA,EmiN2OTotal,NL,2008-01-01,8.0208396132461
NA,NA,NA,EmiN2OTotal,NL,2008-04-01,7.8945787270893995
NA,NA,NA,EmiN2OTotal,NL,2008-07-01,7.8680988245200005
NA,NA,NA,EmiN2OTotal,NL,2008-10-01,8.011352644678
NA,NA,NA,EmiN2OTotal,NL,2009-01-01,7.9592935669196
NA,NA,NA,EmiN2OTotal,NL,2009-04-01,7.7742437861191
NA,NA,NA,EmiN2OTotal,NL,2009-07-01,7.7638967215759
NA,NA,NA,EmiN2OTotal,NL,2009-10-01,7.9001534822431
NA,NA,NA,EmiN2OTotal,NL,2010-01-01,7.9286872313798
NA,NA,NA,EmiN2OTotal,NL,2010-04-01,7.7826218706868
NA,NA,NA,EmiN2OTotal,NL,2010-07-01,7.7480745249791
NA,NA,NA,EmiN2OTotal,NL,2010-10-01,7.8919355532469
NA,NA,NA,EmiN2OTotal,NL,2011-01-01,7.787725424943201
NA,NA,NA,EmiN2OTotal,NL,2011-04-01,7.594137024135501
NA,NA,NA,EmiN2OTotal,NL,2011-07-01,7.5796309100825
NA,NA,NA,EmiN2OTotal,NL,2011-10-01,7.7220097677993
NA,NA,NA,EmiN2OTotal,NL,2012-01-01,10.281458007938799
NA,NA,NA,EmiN2OTotal,NL,2012-04-01,10.131995014516
NA,NA,NA,EmiN2OTotal,NL,2012-07-01,10.1003268019308
NA,NA,NA,EmiN2OTotal,NL,2012-10-01,10.2273877999429
NA,NA,NA,EmiN2OTotal,NL,2013-01-01,10.323537442845499
NA,NA,NA,EmiN2OTotal,NL,2013-04-01,10.1510005597749
NA,NA,NA,EmiN2OTotal,NL,2013-07-01,10.1061197247487
NA,NA,NA,EmiN2OTotal,NL,2013-10-01,10.2108989413752
NA,NA,NA,EmiN2OTotal,NL,2014-01-01,10.2394593316358
NA,NA,NA,EmiN2OTotal,NL,2014-04-01,10.0971524357317
NA,NA,NA,EmiN2OTotal,NL,2014-07-01,10.065960313265
NA,NA,NA,EmiN2OTotal,NL,2014-10-01,10.2039930284133
NA,NA,NA,EmiN2OTotal,NL,2015-01-01,10.491508011165
NA,NA,NA,EmiN2OTotal,NL,2015-04-01,10.3137928543613
NA,NA,NA,EmiN2OTotal,NL,2015-07-01,10.2768798961089
NA,NA,NA,EmiN2OTotal,NL,2015-10-01,10.3842864645015
NA,NA,NA,EmiN2OTotal,NL,2016-01-01,10.4473036430395
NA,NA,NA,EmiN2OTotal,NL,2016-04-01,10.312918064633
NA,NA,NA,EmiN2OTotal,NL,2016-07-01,10.257703929406901
NA,NA,NA,EmiN2OTotal,NL,2016-10-01,10.4332161949484
NA,NA,NA,EmiN2OTotal,NL,2017-01-01,10.217441310872399
NA,NA,NA,EmiN2OTotal,NL,2017-04-01,10.0660142014281
NA,NA,NA,EmiN2OTotal,NL,2017-07-01,10.0234899942395
NA,NA,NA,EmiN2OTotal,NL,2017-10-01,10.155717380806099
NA,NA,NA,EmiN2OTotal,NL,2018-01-01,9.932457535394
NA,NA,NA,EmiN2OTotal,NL,2018-04-01,9.7697067393797
NA,NA,NA,EmiN2OTotal,NL,2018-07-01,9.7306444589573
NA,NA,NA,EmiN2OTotal,NL,2018-10-01,9.874744383885
NA,NA,NA,EmiN2OTotal,NL,2019-01-01,9.7684317248969
NA,NA,NA,EmiN2OTotal,NL,2019-04-01,9.6162150676157
NA,NA,NA,EmiN2OTotal,NL,2019-07-01,9.578844014714601
NA,NA,NA,EmiN2OTotal,NL,2019-10-01,9.7204283738995
NA,NA,NA,EmiN2OTotal,NL,2020-01-01,9.3920064824372
NA,NA,NA,EmiN2OTotal,NL,2020-04-01,9.2548555515496
NA,NA,NA,EmiN2OTotal,NL,2020-07-01,9.218590828532399
NA,NA,NA,EmiN2OTotal,NL,2020-10-01,9.3451892536984
NA,NA,NA,EmiN2OTotal,NL,2021-01-01,9.3032630854331
NA,NA,NA,EmiN2OTotal,NL,2021-04-01,9.1614335826281
NA,NA,NA,EmiN2OTotal,NL,2021-07-01,9.127633476889201
NA,NA,NA,EmiN2OTotal,NL,2021-10-01,9.2596830551806
